<XMLSerialisableRootElement>
  <fields>
    <overrideDocumentType>com.biomatters.geneious.publicapi.documents.sequence.DefaultSequenceListDocument$NucleotideSequenceList</overrideDocumentType>
  </fields>
  <nucleotideSequencesOnDisk size="2485" perSequenceIndexEntrySize="2" blockIndexEntrySize="4" indexBlockSize="256">
    <dataFile xmlFileData="urn.local...3q-ao37c7v.1" fileSize="534169" />
    <perSequenceIndexFile xmlFileData="urn.local...3q-ao37c7v.2" fileSize="4970" />
    <blockIndexFile xmlFileData="urn.local...3q-ao37c7v.3" fileSize="40" />
    <auxFile xmlFileData="urn.local...3q-ao37c7v.4" fileSize="1121" />
    <summary numberOfAnnotations="0" numberOfSequencesWithQuality="2485" numberOfCharactersExcludingGaps="506897" numberOfCharactersIncludingInternalGaps="506897" numberOfCircularSequences="0" numberOfReversedSequences="0" numberOfNucleotideGraphs="2485" numberOfImmutableSequenceTrimmedRegions="0" numberOfTrimmedSequences="0" nucleotide="true">
      <sequenceLengthsExcludingGaps xmlFileData="urn.local...3q-ao37c7v.5" />
      <sequenceLengthsExcludingGapsTrimmed xmlFileData="urn.local...3q-ao37c7v.6" />
      <qualitiesExcludingGaps xmlFileData="urn.local...3q-ao37c7v.7" />
      <qualitiesExcludingGapsTrimmed xmlFileData="urn.local...3q-ao37c7v.8" />
      <characterFrequency character="65" frequency="110362" />
      <characterFrequency character="67" frequency="140055" />
      <characterFrequency character="71" frequency="124521" />
      <characterFrequency character="84" frequency="131959" />
    </summary>
    <versionSupportForStoredSequences oldestVersionSerializableTo="6.0" formatLastExtended="6.0" formatLastChanged="6.0" />
  </nucleotideSequencesOnDisk>
  <pairedReads numberOfSequences="2485" numberOfSequencesWithMates="0" />
  <overrideName>yghJ Ion Torrent reads</overrideName>
</XMLSerialisableRootElement>