<XMLSerialisableRootElement>
  <fields>
    <overrideDocumentType>com.biomatters.geneious.publicapi.documents.sequence.DefaultSequenceListDocument$NucleotideSequenceList</overrideDocumentType>
  </fields>
  <nucleotideSequencesOnDisk interlaced="true">
    <summary numberOfAnnotations="0" numberOfSequencesWithQuality="5060" numberOfCharactersExcludingGaps="455400" numberOfCharactersIncludingInternalGaps="455400" numberOfCircularSequences="0" numberOfReversedSequences="0" numberOfNucleotideGraphs="5060" numberOfImmutableSequenceTrimmedRegions="0" numberOfTrimmedSequences="0" nucleotide="true">
      <sequenceLengthsExcludingGaps xmlFileData="urn.local...3p-ao37c7v.1" />
      <sequenceLengthsExcludingGapsTrimmed xmlFileData="urn.local...3p-ao37c7v.2" />
      <qualitiesExcludingGaps xmlFileData="urn.local...3p-ao37c7v.3" />
      <qualitiesExcludingGapsTrimmed xmlFileData="urn.local...3p-ao37c7v.4" />
      <characterFrequency character="65" frequency="109314" />
      <characterFrequency character="67" frequency="119889" />
      <characterFrequency character="71" frequency="116719" />
      <characterFrequency character="78" frequency="8" />
      <characterFrequency character="84" frequency="109470" />
    </summary>
    <list1 size="2530" perSequenceIndexEntrySize="2" blockIndexEntrySize="4" indexBlockSize="512">
      <dataFile xmlFileData="urn.local...3p-ao37c7v.5" fileSize="255530" />
      <perSequenceIndexFile xmlFileData="urn.local...3p-ao37c7v.6" fileSize="5060" />
      <blockIndexFile xmlFileData="urn.local...3p-ao37c7v.7" fileSize="20" />
      <auxFile xmlFileData="urn.local...3p-ao37c7v.8" fileSize="192" />
      <summary numberOfAnnotations="0" numberOfSequencesWithQuality="2530" numberOfCharactersExcludingGaps="227700" numberOfCharactersIncludingInternalGaps="227700" numberOfCircularSequences="0" numberOfReversedSequences="0" numberOfNucleotideGraphs="2530" numberOfImmutableSequenceTrimmedRegions="0" numberOfTrimmedSequences="0" nucleotide="true">
        <sequenceLengthsExcludingGaps xmlFileData="urn.local...3p-ao37c7v.9" />
        <sequenceLengthsExcludingGapsTrimmed xmlFileData="urn.local...3p-ao37c7v.10" />
        <qualitiesExcludingGaps xmlFileData="urn.local...3p-ao37c7v.11" />
        <qualitiesExcludingGapsTrimmed xmlFileData="urn.local...3p-ao37c7v.12" />
        <characterFrequency character="65" frequency="54478" />
        <characterFrequency character="67" frequency="59911" />
        <characterFrequency character="71" frequency="58383" />
        <characterFrequency character="78" frequency="2" />
        <characterFrequency character="84" frequency="54926" />
      </summary>
      <versionSupportForStoredSequences oldestVersionSerializableTo="6.0" formatLastExtended="6.0" formatLastChanged="6.0" />
    </list1>
    <list2 size="2530" perSequenceIndexEntrySize="2" blockIndexEntrySize="4" indexBlockSize="512">
      <dataFile xmlFileData="urn.local...3p-ao37c7v.13" fileSize="255530" />
      <perSequenceIndexFile xmlFileData="urn.local...3p-ao37c7v.14" fileSize="5060" />
      <blockIndexFile xmlFileData="urn.local...3p-ao37c7v.15" fileSize="20" />
      <auxFile xmlFileData="urn.local...3p-ao37c7v.16" fileSize="192" />
      <summary numberOfAnnotations="0" numberOfSequencesWithQuality="2530" numberOfCharactersExcludingGaps="227700" numberOfCharactersIncludingInternalGaps="227700" numberOfCircularSequences="0" numberOfReversedSequences="0" numberOfNucleotideGraphs="2530" numberOfImmutableSequenceTrimmedRegions="0" numberOfTrimmedSequences="0" nucleotide="true">
        <sequenceLengthsExcludingGaps xmlFileData="urn.local...3p-ao37c7v.17" />
        <sequenceLengthsExcludingGapsTrimmed xmlFileData="urn.local...3p-ao37c7v.18" />
        <qualitiesExcludingGaps xmlFileData="urn.local...3p-ao37c7v.19" />
        <qualitiesExcludingGapsTrimmed xmlFileData="urn.local...3p-ao37c7v.20" />
        <characterFrequency character="65" frequency="54836" />
        <characterFrequency character="67" frequency="59978" />
        <characterFrequency character="71" frequency="58336" />
        <characterFrequency character="78" frequency="6" />
        <characterFrequency character="84" frequency="54544" />
      </summary>
      <versionSupportForStoredSequences oldestVersionSerializableTo="6.0" formatLastExtended="6.0" formatLastChanged="6.0" />
    </list2>
  </nucleotideSequencesOnDisk>
  <pairedReads numberOfSequences="5060" numberOfSequencesWithMates="5060" interlacedDistance1="461" interlacedDistance2="461" />
  <overrideName>yghJ paired Illumina reads</overrideName>
</XMLSerialisableRootElement>