<XMLSerialisableRootElement>
  <created type="date">1369373867986</created>
  <name>Type IIS</name>
  <enzymes>
    <enzyme>
      <name>AarI</name>
      <recognitionSequence>CACCTGC(4/8)</recognitionSequence>
      <isPrototype>true</isPrototype>
      <methylationSite />
      <microorganism>Arthrobacter aurescens SS2-322</microorganism>
      <source>A. Janulaitis</source>
      <commercialAvailability>F</commercialAvailability>
      <references>
        <reference>Grigaite, R., Maneliene, Z., Janulaitis, A., (2002) Nucleic Acids Res., vol. 30.</reference>
        <reference>Maneliene, Z., Zakareviciene, L., Unpublished observations.</reference>
      </references>
    </enzyme>
    <enzyme>
      <name>Acc36I</name>
      <recognitionSequence>ACCTGC(4/8)</recognitionSequence>
      <isPrototype>false</isPrototype>
      <methylationSite />
      <microorganism>Acinetobacter calcoaceticus 36</microorganism>
      <source>S.K. Degtyarev</source>
      <commercialAvailability>I</commercialAvailability>
      <references>
        <reference>Gonchar, D.A., Shinkarenko, N.M., Dedkov, V.S., Degtyarev, S.K., Unpublished observations.</reference>
      </references>
    </enzyme>
    <enzyme>
      <name>AclWI</name>
      <recognitionSequence>GGATC(4/5)</recognitionSequence>
      <isPrototype>false</isPrototype>
      <methylationSite />
      <microorganism>Acinetobacter calcoaceticus W2131</microorganism>
      <source>S.K. Degtyarev</source>
      <commercialAvailability>I</commercialAvailability>
      <references>
        <reference>Abdurashitov, M.A., Belichenko, O.A., Shevchenko, A.V., Degtyarev, S.K., Unpublished observations.</reference>
      </references>
    </enzyme>
    <enzyme>
      <name>AcuI</name>
      <recognitionSequence>CTGAAG(16/14)</recognitionSequence>
      <isPrototype>false</isPrototype>
      <methylationSite>?(6)</methylationSite>
      <microorganism>Acinetobacter calcoaceticus SRW4</microorganism>
      <source>S.K. Degtyarev</source>
      <commercialAvailability>IN</commercialAvailability>
      <references>
        <reference>Degtyarev, S.K., Kileva, E.V., Dedkov, V.S., Unpublished observations.</reference>
        <reference>Samuelson, J., Xu, S.-Y., Unpublished observations.</reference>
        <reference>Samuelson, J., Xu, S.-Y., O'Loane, D., Unpublished observations.</reference>
      </references>
    </enzyme>
    <enzyme>
      <name>AjuI</name>
      <recognitionSequence>(7/12)GAANNNNNNNTTGG(11/6)</recognitionSequence>
      <isPrototype>true</isPrototype>
      <methylationSite />
      <microorganism>Acinetobacter junii RFL46</microorganism>
      <source>A. Janulaitis</source>
      <commercialAvailability>F</commercialAvailability>
      <references>
        <reference>Maneliene, Z., Zakareviciene, L., Lubys, A., Unpublished observations.</reference>
        <reference>Nekrasiene, D., Lapcinskaja, S., Capskaja, L., Kiuduliene, L., Vitkute, J., Janulaitis, A., Unpublished observations.</reference>
      </references>
    </enzyme>
    <enzyme>
      <name>AloI</name>
      <recognitionSequence>(7/12)GAACNNNNNNTCC(12/7)</recognitionSequence>
      <isPrototype>true</isPrototype>
      <methylationSite>3(6),-3(6)</methylationSite>
      <microorganism>Acinetobacter lwoffi Ks 4-8</microorganism>
      <source>V. Butkus</source>
      <commercialAvailability>F</commercialAvailability>
      <references>
        <reference>Cesnaviciene, E.E., Petrusyte, M.M., Kazlauskiene, R.R., Maneliene, Z., Timinskas, A., Lubys, A., Janulaitis, A., (2001) J. Mol. Biol., vol. 314, pp. 205-216.</reference>
        <reference>Savelskiene, A., Petrusyte, M., Padegimiene, E., Vonseviciene, E., Kiuduliene, E., Butkus, V., Janulaitis, A., Unpublished observations.</reference>
      </references>
    </enzyme>
    <enzyme>
      <name>Alw26I</name>
      <recognitionSequence>GTCTC(1/5)</recognitionSequence>
      <isPrototype>false</isPrototype>
      <methylationSite>3(5),-4(6)</methylationSite>
      <microorganism>Acinetobacter lwoffi RFL26</microorganism>
      <source>A. Janulaitis</source>
      <commercialAvailability>F</commercialAvailability>
      <references>
        <reference>Bitinaite, J., Maneliene, Z., Menkevicius, S., Klimasauskas, S., Butkus, V., Janulaitis, A., (1992) Nucleic Acids Res., vol. 20, pp. 4981-4985.</reference>
        <reference>Bitinaite, J., Mitkaite, G., Dauksaite, V., Jakubauskas, A., Timinskas, A., Vaisvila, R., Lubys, A., Janulaitis, A., (2002) Mol. Genet. Genomics, vol. 267, pp. 664-672.</reference>
        <reference>Gilvonauskaite, R., Bitinaite, J., Petrusyte, M., Butkus, V., Maneliene, Z., Janulaitis, A., Unpublished observations.</reference>
      </references>
    </enzyme>
    <enzyme>
      <name>AlwI</name>
      <recognitionSequence>GGATC(4/5)</recognitionSequence>
      <isPrototype>false</isPrototype>
      <methylationSite>3(6),-2(6)</methylationSite>
      <microorganism>Acinetobacter lwoffi</microorganism>
      <source>NEB 402</source>
      <commercialAvailability>N</commercialAvailability>
      <references>
        <reference>Lunnen, K.D., Wilson, G.G., Unpublished observations.</reference>
        <reference>Morgan, R., Bonventre, J., Unpublished observations.</reference>
        <reference>Stickel, S.K., Roberts, R.J., Unpublished observations.</reference>
      </references>
    </enzyme>
    <enzyme>
      <name>ArsI</name>
      <recognitionSequence>(8/13)GACNNNNNNTTYG(11/6)</recognitionSequence>
      <isPrototype>true</isPrototype>
      <methylationSite />
      <microorganism>Arthrobacter species NTS</microorganism>
      <source>S.K. Degtyarev</source>
      <commercialAvailability>I</commercialAvailability>
      <references>
        <reference>Chernukhin, V.A., Kileva, E.V., Tomilova, J.E., Dedkov, V.S., Mikhnenkova, N.A., Abdurashitov, M.A., Degtyarev, S.K., Unpublished observations.</reference>
      </references>
    </enzyme>
    <enzyme>
      <name>AsuHPI</name>
      <recognitionSequence>GGTGA(8/7)</recognitionSequence>
      <isPrototype>false</isPrototype>
      <methylationSite />
      <microorganism>Actinobacillus suis HP</microorganism>
      <source>S.K. Degtyarev</source>
      <commercialAvailability>IV</commercialAvailability>
      <references>
        <reference>Dedkov, V.S., Degtyarev, S.K., (1998) Biol. Chem., vol. 379, pp. 573-574.</reference>
      </references>
    </enzyme>
    <enzyme>
      <name>BaeI</name>
      <recognitionSequence>(10/15)ACNNNNGTAYC(12/7)</recognitionSequence>
      <isPrototype>true</isPrototype>
      <methylationSite />
      <microorganism>Bacillus sphaericus</microorganism>
      <source>NEB 659</source>
      <commercialAvailability>N</commercialAvailability>
      <references>
        <reference>Sears, L.E., Zhou, B., Aliotta, J.M., Morgan, R.D., Kong, H., (1996) Nucleic Acids Res., vol. 24, pp. 3590-3592.</reference>
        <reference>Zhu, Z., Roberts, R.J., Unpublished observations.</reference>
        <reference>Zhu, Z., Xu, S.-Y., Unpublished observations.</reference>
      </references>
    </enzyme>
    <enzyme>
      <name>BarI</name>
      <recognitionSequence>(7/12)GAAGNNNNNNTAC(12/7)</recognitionSequence>
      <isPrototype>true</isPrototype>
      <methylationSite />
      <microorganism>Bacillus sphaericus</microorganism>
      <source>S.K. Degtyarev</source>
      <commercialAvailability>I</commercialAvailability>
      <references>
        <reference>Chernukhin, V.A., Abdurashitov, M.A., Kileva, E.V., Tomilova, J.E., Dedkov, V.S., Degtyarev, S.K., Unpublished observations.</reference>
      </references>
    </enzyme>
    <enzyme>
      <name>BbsI</name>
      <recognitionSequence>GAAGAC(2/6)</recognitionSequence>
      <isPrototype>false</isPrototype>
      <methylationSite />
      <microorganism>Bacillus brevis</microorganism>
      <source>NEB 573</source>
      <commercialAvailability>N</commercialAvailability>
      <references>
        <reference>Story, C.M., Morgan, R., Unpublished observations.</reference>
        <reference>Zhu, Z., Roberts, R.J., Unpublished observations.</reference>
      </references>
    </enzyme>
    <enzyme>
      <name>BbvI</name>
      <recognitionSequence>GCAGC(8/12)</recognitionSequence>
      <isPrototype>true</isPrototype>
      <methylationSite>2(5),-2(5)</methylationSite>
      <microorganism>Bacillus brevis</microorganism>
      <source>ATCC 9999</source>
      <commercialAvailability>N</commercialAvailability>
      <references>
        <reference>Barsomian, J.M., Wilson, G.G., Unpublished observations.</reference>
        <reference>Gingeras, T.R., Milazzo, J.P., Roberts, R.J., (1978) Nucleic Acids Res., vol. 5, pp. 4105-4127.</reference>
        <reference>Hattman, S., Keister, T., Gottehrer, A., (1978) J. Mol. Biol., vol. 124, pp. 701-711.</reference>
        <reference>Morgan, R.D., Roberts, R.J., International Patent Office, 2007.</reference>
        <reference>Schildkraut, I., Unpublished observations.</reference>
      </references>
    </enzyme>
    <enzyme>
      <name>BccI</name>
      <recognitionSequence>CCATC(4/5)</recognitionSequence>
      <isPrototype>true</isPrototype>
      <methylationSite />
      <microorganism>Bacteroides caccae</microorganism>
      <source>NEB 669</source>
      <commercialAvailability>N</commercialAvailability>
      <references>
        <reference>Morgan, R., Reinecke, S., Unpublished observations.</reference>
        <reference>Morgan, R.D., Unpublished observations.</reference>
        <reference>Morgan, R.D., Roberts, R.J., International Patent Office, 2007.</reference>
      </references>
    </enzyme>
    <enzyme>
      <name>BceAI</name>
      <recognitionSequence>ACGGC(12/14)</recognitionSequence>
      <isPrototype>false</isPrototype>
      <methylationSite>?(4)</methylationSite>
      <microorganism>Bacillus cereus 1315</microorganism>
      <source>NEB 1288</source>
      <commercialAvailability>N</commercialAvailability>
      <references>
        <reference>Morgan, R.D., Roberts, R.J., International Patent Office, 2007.</reference>
        <reference>Nkenfou, C., Unpublished observations.</reference>
        <reference>Nkenfou, C., (2002) Ph.D. Thesis, University of Yaounde I, Cameroon (Yaounde), pp. 1-226.</reference>
        <reference>Nkenfou, C., Polisson, C., Nkenfou, J., Notedji, A., Morgan, R., Unpublished observations.</reference>
      </references>
    </enzyme>
    <enzyme>
      <name>BcgI</name>
      <recognitionSequence>(10/12)CGANNNNNNTGC(12/10)</recognitionSequence>
      <isPrototype>true</isPrototype>
      <methylationSite>3(6),-3(6)</methylationSite>
      <microorganism>Bacillus coagulans</microorganism>
      <source>NEB 566</source>
      <commercialAvailability>N</commercialAvailability>
      <references>
        <reference>Kong, H., Unpublished observations.</reference>
        <reference>Kong, H., Morgan, R.D., Maunus, R.E., Schildkraut, I., (1993) Nucleic Acids Res., vol. 21, pp. 987-991.</reference>
        <reference>Kong, H., Roemer, S.E., Waite-Rees, P.A., Benner, J.S., Wilson, G.G., Nwankwo, D.O., (1994) J. Biol. Chem., vol. 269, pp. 683-690.</reference>
        <reference>Kong, H., Schildkraut, I., European Patent Office, 1994.</reference>
      </references>
    </enzyme>
    <enzyme>
      <name>BciVI</name>
      <recognitionSequence>GTATCC(6/5)</recognitionSequence>
      <isPrototype>true</isPrototype>
      <methylationSite />
      <microorganism>Bacillus circulans</microorganism>
      <source>NEB 1000</source>
      <commercialAvailability>N</commercialAvailability>
      <references>
        <reference>Le, T.K.T., Vu, T.K.L., Vu, H.N., Polisson, C., Morgan, R., Unpublished observations.</reference>
        <reference>Wei, H., Unpublished observations.</reference>
      </references>
    </enzyme>
    <enzyme>
      <name>BcoDI</name>
      <recognitionSequence>GTCTC(1/5)</recognitionSequence>
      <isPrototype>false</isPrototype>
      <methylationSite>?(5)</methylationSite>
      <microorganism>Bacteroides coprocola DSM 17136</microorganism>
      <source>DSM 17136</source>
      <commercialAvailability>N</commercialAvailability>
      <references>
        <reference>Chan, S.H., Xu, S.Y., Unpublished observations.</reference>
        <reference>Fulton, L., Clifton, S., Fulton, B., Xu, J., Minx, P., Mardis, E.R., Wilson, R.K., Unpublished observations.</reference>
        <reference>Fulton, L., Clifton, S., Fulton, B., Xu, J., Minx, P., Pepin, K.H., Johnson, M., Thiruvilangam, P., Bhonagiri, V., Nash, W.E., Mardis, E.R., Wilson, R.K., Unpublished observations.</reference>
      </references>
    </enzyme>
    <enzyme>
      <name>BfuAI</name>
      <recognitionSequence>ACCTGC(4/8)</recognitionSequence>
      <isPrototype>false</isPrototype>
      <methylationSite>?(5)</methylationSite>
      <microorganism>Bacillus fusiformis 1083</microorganism>
      <source>NEB 1292</source>
      <commercialAvailability>N</commercialAvailability>
      <references>
        <reference>Morgan, R.D., Roberts, R.J., International Patent Office, 2007.</reference>
        <reference>Nkenfou, C., Polisson, C., Unpublished observations.</reference>
        <reference>Nkenfou, C., Polisson, C., Nkenfou, J., Notedji, A., Morgan, R., Unpublished observations.</reference>
      </references>
    </enzyme>
    <enzyme>
      <name>BfuI</name>
      <recognitionSequence>GTATCC(6/5)</recognitionSequence>
      <isPrototype>false</isPrototype>
      <methylationSite />
      <microorganism>Bacillus firmus Auk 22-m21</microorganism>
      <source>V. Butkus</source>
      <commercialAvailability>F</commercialAvailability>
      <references>
        <reference>Vitkute, J., Lazareviciute, L., Luksiene, A., Maneliene, Z., Capskaja, L., Kiuduliene, L., Butkus, V., Janulaitis, A., Unpublished observations.</reference>
      </references>
    </enzyme>
    <enzyme>
      <name>BmrI</name>
      <recognitionSequence>ACTGGG(5/4)</recognitionSequence>
      <isPrototype>false</isPrototype>
      <methylationSite>?(4)</methylationSite>
      <microorganism>Bacillus megaterium GC subgroup A</microorganism>
      <source>NEB 1067</source>
      <commercialAvailability>N</commercialAvailability>
      <references>
        <reference>Bao, Y., Higgins, L., Zhang, P., Chan, S.H., Laget, S., Sweeney, S., Lunnen, K., Xu, S.Y., (2008) Protein Expr. Purif., vol. 58, pp. 42-52.</reference>
        <reference>Krotee, S., Ganatra, M., Unpublished observations.</reference>
        <reference>Le, T.K.T., Morgan, R., Unpublished observations.</reference>
        <reference>Morgan, R.D., Roberts, R.J., International Patent Office, 2007.</reference>
        <reference>Sears, L., Wilson, G.G., Kong, H., Unpublished observations.</reference>
      </references>
    </enzyme>
    <enzyme>
      <name>BmsI</name>
      <recognitionSequence>GCATC(5/9)</recognitionSequence>
      <isPrototype>false</isPrototype>
      <methylationSite />
      <microorganism>Bacillus massiliensis RFL101</microorganism>
      <source>Fermentas G358</source>
      <commercialAvailability>F</commercialAvailability>
      <references>
        <reference>Vitkute, J., Lauciuniene, N., Lapcinskaja, S., Trinkunaite, L., Zakareviciene, L., Lubys, A., Janulaitis, A., Unpublished observations.</reference>
      </references>
    </enzyme>
    <enzyme>
      <name>BmuI</name>
      <recognitionSequence>ACTGGG(5/4)</recognitionSequence>
      <isPrototype>false</isPrototype>
      <methylationSite />
      <microorganism>Bacillus megaterium S87</microorganism>
      <source>S.K. Degtyarev</source>
      <commercialAvailability>I</commercialAvailability>
      <references>
        <reference>Dedkov, V.S., Nayakshina, T.N., Mezentseva, N.V., Degtyarev, S.K., Unpublished observations.</reference>
      </references>
    </enzyme>
    <enzyme>
      <name>BpiI</name>
      <recognitionSequence>GAAGAC(2/6)</recognitionSequence>
      <isPrototype>false</isPrototype>
      <methylationSite />
      <microorganism>Bacillus pumilus sw 4-3</microorganism>
      <source>A. Janulaitis</source>
      <commercialAvailability>F</commercialAvailability>
      <references>
        <reference>Jurgelyte, R., Maniusyte, V., Lazareviciute, L., Maneliene, Z., Kiuduliene, E., Norgeliene, D., Kvietkiene, E., Petrusyte, M., Butkus, V., Janulaitis, A., Unpublished observations.</reference>
      </references>
    </enzyme>
    <enzyme>
      <name>BpmI</name>
      <recognitionSequence>CTGGAG(16/14)</recognitionSequence>
      <isPrototype>false</isPrototype>
      <methylationSite>?(6)</methylationSite>
      <microorganism>Bacillus pumilus</microorganism>
      <source>NEB 711</source>
      <commercialAvailability>IN</commercialAvailability>
      <references>
        <reference>Degtyarev, S.K., Morgan, R., Unpublished observations.</reference>
        <reference>Zhou, J., Zhu, Z., Xu, S.Y., US Patent Office, 2002.</reference>
      </references>
    </enzyme>
    <enzyme>
      <name>BpuAI</name>
      <recognitionSequence>GAAGAC(2/6)</recognitionSequence>
      <isPrototype>false</isPrototype>
      <methylationSite />
      <microorganism>Bacillus pumilus</microorganism>
      <source>G. Schmitz</source>
      <commercialAvailability>M</commercialAvailability>
      <references>
        <reference>Pogge von Strandmann, R., Stadtler, R., Walter, T., Frey, B., Kaluza, K., Hengstenberg, W., Schmitz, G., (1992) Nucleic Acids Res., vol. 20, pp. 4664.</reference>
      </references>
    </enzyme>
    <enzyme>
      <name>BpuEI</name>
      <recognitionSequence>CTTGAG(16/14)</recognitionSequence>
      <isPrototype>false</isPrototype>
      <methylationSite>?(6)</methylationSite>
      <microorganism>Bacillus pumilus 2187a</microorganism>
      <source>NEB 1378</source>
      <commercialAvailability>N</commercialAvailability>
      <references>
        <reference>Murray, I.A., Wei, H., Unpublished observations.</reference>
        <reference>Nkenfou, C., Polisson, C., Nkenfou, J., Notedji, A., Morgan, R., Unpublished observations.</reference>
      </references>
    </enzyme>
    <enzyme>
      <name>BsaI</name>
      <recognitionSequence>GGTCTC(1/5)</recognitionSequence>
      <isPrototype>false</isPrototype>
      <methylationSite />
      <microorganism>Bacillus stearothermophilus 6-55</microorganism>
      <source>Z. Chen</source>
      <commercialAvailability>N</commercialAvailability>
      <references>
        <reference>Kong, H., Chen, Z., Unpublished observations.</reference>
        <reference>Morgan, R.D., Unpublished observations.</reference>
        <reference>Xu, S.-Y., Unpublished observations.</reference>
        <reference>Zhu, Z., Xu, S.-Y., Unpublished observations.</reference>
        <reference>Zhu, Z., Xu, S.-Y., US Patent Office, 2003.</reference>
      </references>
    </enzyme>
    <enzyme>
      <name>BsaXI</name>
      <recognitionSequence>(9/12)ACNNNNNCTCC(10/7)</recognitionSequence>
      <isPrototype>true</isPrototype>
      <methylationSite />
      <microorganism>Bacillus stearothermophilus Cpw230</microorganism>
      <source>Z. Chen</source>
      <commercialAvailability>N</commercialAvailability>
      <references>
        <reference>Chen, Z., Unpublished observations.</reference>
        <reference>Morgan, R.D., Unpublished observations.</reference>
        <reference>Polisson, C., Unpublished observations.</reference>
        <reference>Zhu, Z., Roberts, R.J., Unpublished observations.</reference>
        <reference>Zhu, Z., Xu, S.-Y., Unpublished observations.</reference>
      </references>
    </enzyme>
    <enzyme>
      <name>Bse1I</name>
      <recognitionSequence>ACTGG(1/-1)</recognitionSequence>
      <isPrototype>false</isPrototype>
      <methylationSite />
      <microorganism>Bacillus stearothermophilus 1</microorganism>
      <source>S.K. Degtyarev</source>
      <commercialAvailability>IV</commercialAvailability>
      <references>
        <reference>Repin, V.E., Degtyarev, S.K., Unpublished observations.</reference>
      </references>
    </enzyme>
    <enzyme>
      <name>Bse3DI</name>
      <recognitionSequence>GCAATG(2/0)</recognitionSequence>
      <isPrototype>false</isPrototype>
      <methylationSite />
      <microorganism>Bacillus stearothermophilus 3D</microorganism>
      <source>S.K. Degtyarev</source>
      <commercialAvailability>IV</commercialAvailability>
      <references>
        <reference>Abdurashitov, M.A., Bondar, T.S., Shevchenko, A.V., Dedkov, V.S., Degtyarev, S.K., Unpublished observations.</reference>
      </references>
    </enzyme>
    <enzyme>
      <name>BseGI</name>
      <recognitionSequence>GGATG(2/0)</recognitionSequence>
      <isPrototype>false</isPrototype>
      <methylationSite />
      <microorganism>Bacillus stearothermophilus Vs 34-031</microorganism>
      <source>A. Janulaitis</source>
      <commercialAvailability>F</commercialAvailability>
      <references>
        <reference>Vitkute, J., Lazareviciute, L., Maneliene, Z., Kvietkiene, E., Kiuduliene, E., Petrusyte, M., Butkus, V., Janulaitis, A., Unpublished observations.</reference>
      </references>
    </enzyme>
    <enzyme>
      <name>BseMI</name>
      <recognitionSequence>GCAATG(2/0)</recognitionSequence>
      <isPrototype>false</isPrototype>
      <methylationSite />
      <microorganism>Bacillus stearothermophilus Isl 15-111</microorganism>
      <source>A. Janulaitis</source>
      <commercialAvailability>F</commercialAvailability>
      <references>
        <reference>Maneliene, Z., Butkus, V., Unpublished observations.</reference>
        <reference>Vitkute, J., Kazlauskiene, R., Capskaja, L., Kiuduliene, E., Petrusyte, M., Butkus, V., Janulaitis, A., Unpublished observations.</reference>
      </references>
    </enzyme>
    <enzyme>
      <name>BseMII</name>
      <recognitionSequence>CTCAG(10/8)</recognitionSequence>
      <isPrototype>true</isPrototype>
      <methylationSite>4(6)</methylationSite>
      <microorganism>Bacillus stearothermophilus Isl 15-111</microorganism>
      <source>A. Janulaitis</source>
      <commercialAvailability>F</commercialAvailability>
      <references>
        <reference>Jurenaite-Urbanaviciene, S., Kazlauskiene, R., Urbelyte, V., Maneliene, Z., Petrusyte, M., Lubys, A., Janulaitis, A., (2001) Nucleic Acids Res., vol. 29, pp. 895-903.</reference>
        <reference>Maneliene, Z., Butkus, V., Unpublished observations.</reference>
      </references>
    </enzyme>
    <enzyme>
      <name>BseNI</name>
      <recognitionSequence>ACTGG(1/-1)</recognitionSequence>
      <isPrototype>false</isPrototype>
      <methylationSite />
      <microorganism>Bacillus species N</microorganism>
      <source>A. Janulaitis</source>
      <commercialAvailability>F</commercialAvailability>
      <references>
        <reference>Kolesnikov, V.A., Kovalenko, S.P., Repin, V.E., Protopopov, M.O., Karginov, V.A., Unpublished observations.</reference>
      </references>
    </enzyme>
    <enzyme>
      <name>BseRI</name>
      <recognitionSequence>GAGGAG(10/8)</recognitionSequence>
      <isPrototype>true</isPrototype>
      <methylationSite>?(6)</methylationSite>
      <microorganism>Bacillus species R</microorganism>
      <source>CAMB 2669</source>
      <commercialAvailability>N</commercialAvailability>
      <references>
        <reference>Mushtaq, R., Naeem, S., Sohail, A., Riazuddin, S., (1993) Nucleic Acids Res., vol. 21, pp. 3585.</reference>
      </references>
    </enzyme>
    <enzyme>
      <name>BseXI</name>
      <recognitionSequence>GCAGC(8/12)</recognitionSequence>
      <isPrototype>false</isPrototype>
      <methylationSite />
      <microorganism>Bacillus stearothermophilus Ra 3-212</microorganism>
      <source>V. Butkus</source>
      <commercialAvailability>F</commercialAvailability>
      <references>
        <reference>Vitkute, J., Grigaite, R., Maneliene, Z., Capskaja, L., Kiuduliene, E., Butkus, V., Janulaitis, A., Unpublished observations.</reference>
      </references>
    </enzyme>
    <enzyme>
      <name>BsgI</name>
      <recognitionSequence>GTGCAG(16/14)</recognitionSequence>
      <isPrototype>true</isPrototype>
      <methylationSite>?(6)</methylationSite>
      <microorganism>Bacillus sphaericus GC subgroup</microorganism>
      <source>NEB 581</source>
      <commercialAvailability>N</commercialAvailability>
      <references>
        <reference>Higgins, L.S., Kong, H., Unpublished observations.</reference>
        <reference>Kong, H., Sears, L., Unpublished observations.</reference>
        <reference>Morgan, R.D., Roberts, R.J., International Patent Office, 2007.</reference>
      </references>
    </enzyme>
    <enzyme>
      <name>BslFI</name>
      <recognitionSequence>GGGAC(10/14)</recognitionSequence>
      <isPrototype>false</isPrototype>
      <methylationSite />
      <microorganism>Bacillus stearothermophilus FI</microorganism>
      <source>S.K. Degtyarev</source>
      <commercialAvailability>I</commercialAvailability>
      <references>
        <reference>Nadeev, A.N., Kashirina, J.G., Nayakshina, T.N., Dedkov, V.S., Mezentseva, N.V., Tomilova, J.E., Degtyarev, S.K., Unpublished observations.</reference>
      </references>
    </enzyme>
    <enzyme>
      <name>BsmAI</name>
      <recognitionSequence>GTCTC(1/5)</recognitionSequence>
      <isPrototype>true</isPrototype>
      <methylationSite>?(5)</methylationSite>
      <microorganism>Bacillus stearothermophilus A664</microorganism>
      <source>Z. Chen</source>
      <commercialAvailability>N</commercialAvailability>
      <references>
        <reference>Kong, H., Morgan, R.D., Chen, Z., (1990) Nucleic Acids Res., vol. 18, pp. 686.</reference>
        <reference>Zhou, J., Xu, S., Unpublished observations.</reference>
      </references>
    </enzyme>
    <enzyme>
      <name>BsmBI</name>
      <recognitionSequence>CGTCTC(1/5)</recognitionSequence>
      <isPrototype>false</isPrototype>
      <methylationSite>?(5),?(4)</methylationSite>
      <microorganism>Bacillus stearothermophilus B61</microorganism>
      <source>NEB 857</source>
      <commercialAvailability>N</commercialAvailability>
      <references>
        <reference>Chen, Z., Morgan, R., Unpublished observations.</reference>
        <reference>Xu, S.-Y., Unpublished observations.</reference>
        <reference>Xu, S.-Y., Dore, A., Hume, A., Pelletier, J., Zhou, J., European Patent Office, 2003.</reference>
        <reference>Xu, S.-Y., Dore, A., Hume, A., Pelletier, J., Zhou, J., US Patent Office, 2004.</reference>
      </references>
    </enzyme>
    <enzyme>
      <name>BsmFI</name>
      <recognitionSequence>GGGAC(10/14)</recognitionSequence>
      <isPrototype>false</isPrototype>
      <methylationSite>?(6)</methylationSite>
      <microorganism>Bacillus stearothermophilus F</microorganism>
      <source>Z. Chen</source>
      <commercialAvailability>N</commercialAvailability>
      <references>
        <reference>Chen, Z., Morgan, R., Unpublished observations.</reference>
        <reference>Morgan, R.D., Roberts, R.J., International Patent Office, 2007.</reference>
        <reference>Zhu, Z., Unpublished observations.</reference>
        <reference>Zhu, Z., Xu, S.-Y., Unpublished observations.</reference>
      </references>
    </enzyme>
    <enzyme>
      <name>BsmI</name>
      <recognitionSequence>GAATGC(1/-1)</recognitionSequence>
      <isPrototype>true</isPrototype>
      <methylationSite />
      <microorganism>Bacillus stearothermophilus NUB36</microorganism>
      <source>N. Welker</source>
      <commercialAvailability>JMNOS</commercialAvailability>
      <references>
        <reference>Christ, C., Ingalls, D., Unpublished observations.</reference>
        <reference>Myers, P.A., Roberts, R.J., Unpublished observations.</reference>
        <reference>Zhou, J., Zhu, Z., Xu, S.Y., US Patent Office, 2002.</reference>
      </references>
    </enzyme>
    <enzyme>
      <name>Bso31I</name>
      <recognitionSequence>GGTCTC(1/5)</recognitionSequence>
      <isPrototype>false</isPrototype>
      <methylationSite />
      <microorganism>Bacillus stearothermophilus E31</microorganism>
      <source>S.K. Degtyarev</source>
      <commercialAvailability>IV</commercialAvailability>
      <references>
        <reference>Shinkarenko, N.M., Lebedeva, N.A., Dedkov, V.S., Abdurashitov, M.A., Degtyarev, S.K., Unpublished observations.</reference>
      </references>
    </enzyme>
    <enzyme>
      <name>BspCNI</name>
      <recognitionSequence>CTCAG(9/7)</recognitionSequence>
      <isPrototype>false</isPrototype>
      <methylationSite>?(6)</methylationSite>
      <microorganism>Bacillus species 1310</microorganism>
      <source>NEB 1303</source>
      <commercialAvailability>N</commercialAvailability>
      <references>
        <reference>Morgan, R.D., Roberts, R.J., International Patent Office, 2007.</reference>
        <reference>Nkenfou, C., Unpublished observations.</reference>
        <reference>Nkenfou, C., (2002) Ph.D. Thesis, University of Yaounde I, Cameroon (Yaounde), pp. 1-226.</reference>
        <reference>Nkenfou, C., Polisson, C., Nkenfou, J., Notedji, A., Morgan, R., Unpublished observations.</reference>
        <reference>Rausch, C., Morgan, R.D., Unpublished observations.</reference>
      </references>
    </enzyme>
    <enzyme>
      <name>BspMI</name>
      <recognitionSequence>ACCTGC(4/8)</recognitionSequence>
      <isPrototype>true</isPrototype>
      <methylationSite>?(5)</methylationSite>
      <microorganism>Bacillus species M</microorganism>
      <source>NEB 356</source>
      <commercialAvailability>N</commercialAvailability>
      <references>
        <reference>Morgan, R., Hoffman, L., Unpublished observations.</reference>
        <reference>Morgan, R.D., Unpublished observations.</reference>
        <reference>Morgan, R.D., Roberts, R.J., International Patent Office, 2007.</reference>
      </references>
    </enzyme>
    <enzyme>
      <name>BspPI</name>
      <recognitionSequence>GGATC(4/5)</recognitionSequence>
      <isPrototype>false</isPrototype>
      <methylationSite />
      <microorganism>Bacillus species d 1-34</microorganism>
      <source>A. Janulaitis</source>
      <commercialAvailability>F</commercialAvailability>
      <references>
        <reference>Padegimiene, E., Maneliene, Z., Norgeliene, D., Vonseviciene, E., Kiuduliene, E., Petrusyte, M., Butkus, V., Janulaitis, A., Unpublished observations.</reference>
      </references>
    </enzyme>
    <enzyme>
      <name>BspQI</name>
      <recognitionSequence>GCTCTTC(1/4)</recognitionSequence>
      <isPrototype>false</isPrototype>
      <methylationSite />
      <microorganism>Bacillus sphaericus</microorganism>
      <source>NEB 1214</source>
      <commercialAvailability>N</commercialAvailability>
      <references>
        <reference>Morgan, R.D., Roberts, R.J., International Patent Office, 2007.</reference>
        <reference>Pan, X.S., Polisson, C., Morgan, R., Unpublished observations.</reference>
        <reference>Xu, S.-Y., Unpublished observations.</reference>
        <reference>Zhang, P.H., Too, P.H.M., Samuelson, J.C., Chan, S.H., Vincze, T., Doucette, S., Backstrom, S., Potamousis, K.D., Schramm, T.M., Forrest, D., Schwartz, D.C., Xu, S.Y., (2010) Protein Expr. Purif., vol. 69, pp. 226-234.</reference>
        <reference>Zhu, Z., Blanchard, A., Xu, S.-Y., Guan, S., Wei, H., Zhang, P., Sun, D., Chan, S.-h., International Patent Office, 2009.</reference>
        <reference>Zhu, Z., Blanchard, A., Xu, S.-Y., Guan, S., Wei, H., Zhang, P., Sun, D., Chang, S.-H., International Patent Office, 2009.</reference>
        <reference>Zhu, Z., Roberts, R.J., Unpublished observations.</reference>
      </references>
    </enzyme>
    <enzyme>
      <name>BsrDI</name>
      <recognitionSequence>GCAATG(2/0)</recognitionSequence>
      <isPrototype>true</isPrototype>
      <methylationSite />
      <microorganism>Bacillus stearothermophilus D70</microorganism>
      <source>Z. Chen</source>
      <commercialAvailability>N</commercialAvailability>
      <references>
        <reference>Chen, Z., Unpublished observations.</reference>
        <reference>Morgan, R.D., Roberts, R.J., International Patent Office, 2007.</reference>
        <reference>Xu, S.Y., Zhu, Z., Zhang, P., Chan, S.H., Samuelson, J.C., Xiao, J., Ingalls, D., Wilson, G.G., (2007) Nucleic Acids Res., vol. 35, pp. 4608-4618.</reference>
      </references>
    </enzyme>
    <enzyme>
      <name>BsrI</name>
      <recognitionSequence>ACTGG(1/-1)</recognitionSequence>
      <isPrototype>true</isPrototype>
      <methylationSite>?(4)</methylationSite>
      <microorganism>Bacillus stearothermophilus</microorganism>
      <source>NEB 447</source>
      <commercialAvailability>N</commercialAvailability>
      <references>
        <reference>Lunnen, K.D., Wilson, G.G., Unpublished observations.</reference>
        <reference>Morgan, R.D., Roberts, R.J., International Patent Office, 2007.</reference>
        <reference>Polisson, C., Morgan, R.D., (1988) Nucleic Acids Res., vol. 16, pp. 5205.</reference>
        <reference>Stickel, S.K., Roberts, R.J., Unpublished observations.</reference>
      </references>
    </enzyme>
    <enzyme>
      <name>BsrSI</name>
      <recognitionSequence>ACTGG(1/-1)</recognitionSequence>
      <isPrototype>false</isPrototype>
      <methylationSite />
      <microorganism>Bacillus stearothermophilus CPW19</microorganism>
      <source>Z. Chen</source>
      <commercialAvailability>R</commercialAvailability>
      <references>
        <reference>Chen, Z., Unpublished observations.</reference>
      </references>
    </enzyme>
    <enzyme>
      <name>Bst6I</name>
      <recognitionSequence>CTCTTC(1/4)</recognitionSequence>
      <isPrototype>false</isPrototype>
      <methylationSite />
      <microorganism>Bacillus stearothermophilus 6</microorganism>
      <source>S.K. Degtyarev</source>
      <commercialAvailability>IV</commercialAvailability>
      <references>
        <reference>Abdurashitov, M.A., Dedkov, V.S., Kileva, E.V., Popichenko, D.V., Degtyarev, S.K., Unpublished observations.</reference>
      </references>
    </enzyme>
    <enzyme>
      <name>BstF5I</name>
      <recognitionSequence>GGATG(2/0)</recognitionSequence>
      <isPrototype>false</isPrototype>
      <methylationSite>-2(6)</methylationSite>
      <microorganism>Bacillus stearothermophilus F5</microorganism>
      <source>S.K. Degtyarev</source>
      <commercialAvailability>IV</commercialAvailability>
      <references>
        <reference>Abdurashitov, M.A., Kileva, E.V., Shinkarenko, N.M., Shevchenko, A.V., Dedkov, V.S., Degtyarev, S.K., (1996) Gene, vol. 172, pp. 49-51.</reference>
        <reference>Chernukhin, V.A., Golikova, L.N., Gonchar, D.A., Abdurashitov, M.A., Kashirina, Y.G., Netesova, N.A., Degtyarev, S.K., (2003) Biokhimiia, vol. 68, pp. 967-975.</reference>
        <reference>Degtyarev, S.K., Netesova, N.A., Abdurashitov, M.A., Shevchenko, A.V., (1997) Gene, vol. 187, pp. 217-219.</reference>
      </references>
    </enzyme>
    <enzyme>
      <name>BstMAI</name>
      <recognitionSequence>GTCTC(1/5)</recognitionSequence>
      <isPrototype>false</isPrototype>
      <methylationSite />
      <microorganism>Bacillus stearothermophilus MA</microorganism>
      <source>S.K. Degtyarev</source>
      <commercialAvailability>IV</commercialAvailability>
      <references>
        <reference>Chernukhin, V.A., Mikhnenkova, N.A., Kileva, E.V., Mezentseva, N.V., Dedkov, V.S., Degtyarev, S.K., Unpublished observations.</reference>
      </references>
    </enzyme>
    <enzyme>
      <name>BstV1I</name>
      <recognitionSequence>GCAGC(8/12)</recognitionSequence>
      <isPrototype>false</isPrototype>
      <methylationSite />
      <microorganism>Bacillus stearothermophilus V1</microorganism>
      <source>S.K. Degtyarev</source>
      <commercialAvailability>I</commercialAvailability>
      <references>
        <reference>Dedkov, V.S., Muradov, S.V., Shinkarenko, N.M., Popichenko, D.V., Degtyarev, S.K., Unpublished observations.</reference>
      </references>
    </enzyme>
    <enzyme>
      <name>BstV2I</name>
      <recognitionSequence>GAAGAC(2/6)</recognitionSequence>
      <isPrototype>false</isPrototype>
      <methylationSite />
      <microorganism>Bacillus stearothermophilus V2</microorganism>
      <source>S.K. Degtyarev</source>
      <commercialAvailability>IV</commercialAvailability>
      <references>
        <reference>Sinichkina, S.A., Dedkov, V.S., Degtyarev, S.K., Unpublished observations.</reference>
      </references>
    </enzyme>
    <enzyme>
      <name>BsuI</name>
      <recognitionSequence>GTATCC(6/5)</recognitionSequence>
      <isPrototype>false</isPrototype>
      <methylationSite />
      <microorganism>Bacillus sphaericus</microorganism>
      <source>S.K. Degtyarev</source>
      <commercialAvailability>I</commercialAvailability>
      <references>
        <reference>Chernukhin, V.A., Kashirina, E.V., Tarasova, G.V., Dedkov, V.S., Mikhnenkova, N.A., Degtyarev, S.K., Unpublished observations.</reference>
      </references>
    </enzyme>
    <enzyme>
      <name>BtgZI</name>
      <recognitionSequence>GCGATG(10/14)</recognitionSequence>
      <isPrototype>true</isPrototype>
      <methylationSite>?(6)</methylationSite>
      <microorganism>Bacillus thermoglucosidasius</microorganism>
      <source>NEB 1384</source>
      <commercialAvailability>N</commercialAvailability>
      <references>
        <reference>Morgan, R.D., Walsh, P., US Patent Office, 2006.</reference>
        <reference>Pan, X.S., Morgan, R., Unpublished observations.</reference>
        <reference>Zhu, Z., Roberts, R.J., Unpublished observations.</reference>
      </references>
    </enzyme>
    <enzyme>
      <name>BtsCI</name>
      <recognitionSequence>GGATG(2/0)</recognitionSequence>
      <isPrototype>false</isPrototype>
      <methylationSite />
      <microorganism>Bacillus thermosphaericus</microorganism>
      <source>NEB 1621</source>
      <commercialAvailability>N</commercialAvailability>
      <references>
        <reference>Morgan, R.D., Roberts, R.J., International Patent Office, 2007.</reference>
        <reference>Pan, X.S., Morgan, R., Unpublished observations.</reference>
        <reference>Too, P.H., Zhu, Z., Chan, S.H., Xu, S.Y., (2010) Nucleic Acids Res., vol. 38, pp. 1294-1303.</reference>
        <reference>Zhu, Z., Xu, S.-Y., Unpublished observations.</reference>
      </references>
    </enzyme>
    <enzyme>
      <name>BtsI</name>
      <recognitionSequence>GCAGTG(2/0)</recognitionSequence>
      <isPrototype>true</isPrototype>
      <methylationSite />
      <microorganism>Bacillus thermoglucosidasius</microorganism>
      <source>NEB 1137</source>
      <commercialAvailability>N</commercialAvailability>
      <references>
        <reference>Ganatra, M., Krotee, S., Unpublished observations.</reference>
        <reference>Morgan, R.D., Roberts, R.J., International Patent Office, 2007.</reference>
        <reference>Pan, X.S., Morgan, R., Unpublished observations.</reference>
        <reference>Xu, S.Y., Zhu, Z., Zhang, P., Chan, S.H., Samuelson, J.C., Xiao, J., Ingalls, D., Wilson, G.G., (2007) Nucleic Acids Res., vol. 35, pp. 4608-4618.</reference>
      </references>
    </enzyme>
    <enzyme>
      <name>BtsIMutI</name>
      <recognitionSequence>CAGTG(2/0)</recognitionSequence>
      <isPrototype>true</isPrototype>
      <methylationSite />
      <microorganism>Bacillus thermoglucosidasius mutant 1</microorganism>
      <source>NEB 2000</source>
      <commercialAvailability>N</commercialAvailability>
      <references>
        <reference>Guan, S.X., Blanchard, A., Zhang, P.H., Zhu, Z.Y., (2010) PLoS ONE, vol. 5.</reference>
        <reference>Zhu, Z., Unpublished observations.</reference>
      </references>
    </enzyme>
    <enzyme>
      <name>BveI</name>
      <recognitionSequence>ACCTGC(4/8)</recognitionSequence>
      <isPrototype>false</isPrototype>
      <methylationSite />
      <microorganism>Brevundimonas vesicularis RFL1</microorganism>
      <source>V. Butkus</source>
      <commercialAvailability>F</commercialAvailability>
      <references>
        <reference>Mociskyte, S., Vaitkevicius, D., Maneliene, Z., Trinkunaite, L., Kiuduliene, L., Petrusyte, M., Markauskas, A., Butkus, V., Janulaitis, A., Unpublished observations.</reference>
      </references>
    </enzyme>
    <enzyme>
      <name>CseI</name>
      <recognitionSequence>GACGC(5/10)</recognitionSequence>
      <isPrototype>false</isPrototype>
      <methylationSite />
      <microorganism>Chryseobacterium species RFL1</microorganism>
      <source>Fermentas G281</source>
      <commercialAvailability>F</commercialAvailability>
      <references>
        <reference>Nekrasiene, D., Vitkute, J., Maneliene, Z., Capskaja, L., Trinkunaite, L., Janulaitis, A., Unpublished observations.</reference>
      </references>
    </enzyme>
    <enzyme>
      <name>CspCI</name>
      <recognitionSequence>(11/13)CAANNNNNGTGG(12/10)</recognitionSequence>
      <isPrototype>true</isPrototype>
      <methylationSite>?(6)</methylationSite>
      <microorganism>Citrobacter species 2144</microorganism>
      <source>NEB 1398</source>
      <commercialAvailability>N</commercialAvailability>
      <references>
        <reference>Lunnen, K.D., Heiter, D.F., Benner, J.S., Wilson, G.G., Unpublished observations.</reference>
        <reference>Lunnen, K.D., Wilson, G.G., Unpublished observations.</reference>
        <reference>Morgan, R., Nkenfou, C.N., US Patent Office, 2005.</reference>
        <reference>Morgan, R., Wilson, G., Lunnen, K., Heiter, D., Benner, J., Nkenfou, C.N., Picone, S., International Patent Office, 2005.</reference>
      </references>
    </enzyme>
    <enzyme>
      <name>Eam1104I</name>
      <recognitionSequence>CTCTTC(1/4)</recognitionSequence>
      <isPrototype>false</isPrototype>
      <methylationSite />
      <microorganism>Enterobacter amnigenus RFL1104</microorganism>
      <source>A. Janulaitis</source>
      <commercialAvailability>F</commercialAvailability>
      <references>
        <reference>Janulaitis, A., Kazlauskiene, R., Trinkunaite, L., Kiuduliene, L., Maneliene, Z., Petrusyte, M., Butkus, V., Unpublished observations.</reference>
      </references>
    </enzyme>
    <enzyme>
      <name>EarI</name>
      <recognitionSequence>CTCTTC(1/4)</recognitionSequence>
      <isPrototype>false</isPrototype>
      <methylationSite />
      <microorganism>Enterobacter aerogenes</microorganism>
      <source>NEB 450</source>
      <commercialAvailability>N</commercialAvailability>
      <references>
        <reference>Lunnen, K.D., Wilson, G.G., Unpublished observations.</reference>
        <reference>Morgan, R.D., Roberts, R.J., International Patent Office, 2007.</reference>
        <reference>Polisson, C., Morgan, R.D., (1988) Nucleic Acids Res., vol. 16, pp. 9872.</reference>
        <reference>Zhu, Z., Blanchard, A., Xu, S.-Y., Guan, S., Wei, H., Zhang, P., Sun, D., Chan, S.-h., International Patent Office, 2009.</reference>
      </references>
    </enzyme>
    <enzyme>
      <name>EciI</name>
      <recognitionSequence>GGCGGA(11/9)</recognitionSequence>
      <isPrototype>true</isPrototype>
      <methylationSite />
      <microorganism>Escherichia coli</microorganism>
      <source>NEB 484</source>
      <commercialAvailability>N</commercialAvailability>
      <references>
        <reference>Croft, R., Levin, B., Unpublished observations.</reference>
        <reference>Murray, I., Unpublished observations.</reference>
        <reference>Zhu, Z., Roberts, R.J., Unpublished observations.</reference>
      </references>
    </enzyme>
    <enzyme>
      <name>Eco31I</name>
      <recognitionSequence>GGTCTC(1/5)</recognitionSequence>
      <isPrototype>true</isPrototype>
      <methylationSite>-4(6)</methylationSite>
      <microorganism>Escherichia coli RFL31</microorganism>
      <source>A. Janulaitis</source>
      <commercialAvailability>F</commercialAvailability>
      <references>
        <reference>Bitinaite, J., Maneliene, Z., Menkevicius, S., Klimasauskas, S., Butkus, V., Janulaitis, A., (1992) Nucleic Acids Res., vol. 20, pp. 4981-4985.</reference>
        <reference>Bitinaite, J., Mitkaite, G., Dauksaite, V., Jakubauskas, A., Timinskas, A., Vaisvila, R., Lubys, A., Janulaitis, A., (2002) Mol. Genet. Genomics, vol. 267, pp. 664-672.</reference>
        <reference>Butkus, V., Bitinaite, J., Kersulyte, D., Janulaitis, A., (1985) Biochim. Biophys. Acta, vol. 826, pp. 208-212.</reference>
      </references>
    </enzyme>
    <enzyme>
      <name>Eco57I</name>
      <recognitionSequence>CTGAAG(16/14)</recognitionSequence>
      <isPrototype>true</isPrototype>
      <methylationSite>5(6)</methylationSite>
      <microorganism>Escherichia coli RFL57</microorganism>
      <source>A. Janulaitis</source>
      <commercialAvailability>F</commercialAvailability>
      <references>
        <reference>Janulaitis, A., Petrusyte, M., Maneliene, Z., Klimasauskas, S., Butkus, V., (1992) Nucleic Acids Res., vol. 20, pp. 6043-6049.</reference>
        <reference>Petrusyte, M.P., Bitinaite, J.B., Kersulyte, D.R., Menkevicius, S.J., Butkus, V.V., Janulaitis, A., (1987) Dokl. Akad. Nauk., vol. 295, pp. 1250-1253.</reference>
      </references>
    </enzyme>
    <enzyme>
      <name>Esp3I</name>
      <recognitionSequence>CGTCTC(1/5)</recognitionSequence>
      <isPrototype>true</isPrototype>
      <methylationSite>4(5),-4(6)</methylationSite>
      <microorganism>Erwinia species RFL3</microorganism>
      <source>A. Janulaitis</source>
      <commercialAvailability>F</commercialAvailability>
      <references>
        <reference>Bitinaite, J., Grigaite, R., Maneliene, Z., Butkus, V., Janulaitis, A., (1991) Nucleic Acids Res., vol. 19, pp. 5076.</reference>
        <reference>Bitinaite, J., Maneliene, Z., Menkevicius, S., Klimasauskas, S., Butkus, V., Janulaitis, A., (1992) Nucleic Acids Res., vol. 20, pp. 4981-4985.</reference>
      </references>
    </enzyme>
    <enzyme>
      <name>FaqI</name>
      <recognitionSequence>GGGAC(10/14)</recognitionSequence>
      <isPrototype>false</isPrototype>
      <methylationSite />
      <microorganism>Flavobacterium aquatile RFL1</microorganism>
      <source>Fermentas G263</source>
      <commercialAvailability>F</commercialAvailability>
      <references>
        <reference>Vitkute, J., Mociskyte, S., Maneliene, Z., Trinkunaite, L., Kiuduliene, L., Janulaitis, A., Unpublished observations.</reference>
      </references>
    </enzyme>
    <enzyme>
      <name>FauI</name>
      <recognitionSequence>CCCGC(4/6)</recognitionSequence>
      <isPrototype>true</isPrototype>
      <methylationSite />
      <microorganism>Flavobacterium aquatile</microorganism>
      <source>NEB 1780</source>
      <commercialAvailability>IN</commercialAvailability>
      <references>
        <reference>Degtyarev, S.K., Unpublished observations.</reference>
        <reference>Degtyarev, S.K., Kolyhalov, A.A., Rechkunova, N.I., Dedkov, V.S., (1989) Bioorg. Khim., vol. 15, pp. 130-132.</reference>
      </references>
    </enzyme>
    <enzyme>
      <name>FokI</name>
      <recognitionSequence>GGATG(9/13)</recognitionSequence>
      <isPrototype>true</isPrototype>
      <methylationSite>3(6),-2(6)</methylationSite>
      <microorganism>Flavobacterium okeanokoites</microorganism>
      <source>IFO 12536</source>
      <commercialAvailability>IJKMNVX</commercialAvailability>
      <references>
        <reference>Guo, J., Gaj, T., Barbas, C.F.I.I.I., (2010) J. Mol. Biol., vol. 400, pp. 96-107.</reference>
        <reference>Landry, D., Looney, M.C., Feehery, G.R., Slatko, B.E., Jack, W.E., Schildkraut, I., Wilson, G.G., (1989) Gene, vol. 77, pp. 1-10.</reference>
        <reference>Li, L., Wu, L.P., Clarke, R., Chandrasegaran, S., (1993) Gene, vol. 133, pp. 79-84.</reference>
        <reference>Matvienko, N.I., Kramarov, V.M., Irismetov, A.A., (1985) Bioorg. Khim., vol. 11, pp. 953-956.</reference>
        <reference>Posfai, G., Szybalski, W., (1988) Gene, vol. 69, pp. 147-151.</reference>
        <reference>Posfai, G., Szybalski, W., (1988) Gene, vol. 74, pp. 179-181.</reference>
        <reference>Steenstrup, T.D., Norby, P.L., International Patent Office, 2007.</reference>
        <reference>Sugisaki, H., Kanazawa, S., (1981) Gene, vol. 16, pp. 73-78.</reference>
        <reference>Sugisaki, H., Kita, K., Takanami, M., (1989) J. Biol. Chem., vol. 264, pp. 5757-5761.</reference>
        <reference>Vainstein, A., Zuker, A., International Patent Office, 2009.</reference>
        <reference>Vainstein, A., Zuker, A., International Patent Office, 2011.</reference>
      </references>
    </enzyme>
    <enzyme>
      <name>GsuI</name>
      <recognitionSequence>CTGGAG(16/14)</recognitionSequence>
      <isPrototype>true</isPrototype>
      <methylationSite />
      <microorganism>Gluconobacter suboxydans H-15T</microorganism>
      <source>M.S. Loytsianskaya</source>
      <commercialAvailability>F</commercialAvailability>
      <references>
        <reference>Janulaitis, A., Bitinaite, J., Jaskeleviciene, B., (1983) FEBS Lett., vol. 151, pp. 243-247.</reference>
        <reference>Petrusyte, M.P., Bitinaite, J.B., Kersulyte, D.R., Menkevicius, S.J., Butkus, V.V., Janulaitis, A., (1987) Dokl. Akad. Nauk., vol. 295, pp. 1250-1253.</reference>
        <reference>Vaisvila, R., Janulaitis, A., Unpublished observations.</reference>
      </references>
    </enzyme>
    <enzyme>
      <name>HgaI</name>
      <recognitionSequence>GACGC(5/10)</recognitionSequence>
      <isPrototype>true</isPrototype>
      <methylationSite>3(5)</methylationSite>
      <microorganism>Haemophilus gallinarum</microorganism>
      <source>ATCC 14385</source>
      <commercialAvailability>IN</commercialAvailability>
      <references>
        <reference>Brown, N.L., Smith, M., (1977) Proc. Natl. Acad. Sci. U. S. A., vol. 74, pp. 3213-3216.</reference>
        <reference>Landry, D., Barsomian, J.M., Feehery, G.R., Wilson, G.G., (1992) Methods Enzymol., vol. 216, pp. 244-259.</reference>
        <reference>Lunnen, K.D., Barsomian, J.M., Camp, R.R., Card, C.O., Chen, S.-Z., Croft, R., Looney, M.C., Meda, M.M., Moran, L.S., Nwankwo, D.O., Slatko, B.E., Van Cott, E.M., Wilson, G.G., (1988) Gene, vol. 74, pp. 25-32.</reference>
        <reference>Moses, P., Horiuchi, K., (1979) J. Mol. Biol., vol. 135, pp. 517-524.</reference>
        <reference>Sugisaki, H., (1978) Gene, vol. 3, pp. 17-28.</reference>
        <reference>Sugisaki, H., Yamamoto, K., Takanami, M., (1991) J. Biol. Chem., vol. 266, pp. 13952-13957.</reference>
        <reference>Takanami, M., (1974) Methods Mol. Biol., vol. 7, pp. 113-133.</reference>
        <reference>Wilson, G.G., Murray, N.E., (1991) Annu. Rev. Genet., vol. 25, pp. 585-627.</reference>
      </references>
    </enzyme>
    <enzyme>
      <name>HphI</name>
      <recognitionSequence>GGTGA(8/7)</recognitionSequence>
      <isPrototype>true</isPrototype>
      <methylationSite>5(6)</methylationSite>
      <microorganism>Haemophilus parahaemolyticus</microorganism>
      <source>ATCC 49700</source>
      <commercialAvailability>FN</commercialAvailability>
      <references>
        <reference>Daniels, J.S., Gates, K.S., (1994) ACS Abstracts, vol. 208, pp. 66.</reference>
        <reference>Kleid, D., Humayun, Z., Jeffrey, A., Ptashne, M., (1976) Proc. Natl. Acad. Sci. U. S. A., vol. 73, pp. 293-297.</reference>
        <reference>Lubys, A., Lubiene, J., Kulakauskas, S., Stankevicius, K., Timinskas, A., Janulaitis, A., (1996) Nucleic Acids Res., vol. 24, pp. 2760-2766.</reference>
        <reference>Middleton, J.H., Stankus, P.V., Edgell, M.H., Hutchison, C.A. III, Unpublished observations.</reference>
        <reference>Nelson, M., Unpublished observations.</reference>
      </references>
    </enzyme>
    <enzyme>
      <name>HpyAV</name>
      <recognitionSequence>CCTTC(6/5)</recognitionSequence>
      <isPrototype>false</isPrototype>
      <methylationSite>?(5)</methylationSite>
      <microorganism>Helicobacter pylori 26695</microorganism>
      <source>D.E. Berg</source>
      <commercialAvailability>N</commercialAvailability>
      <references>
        <reference>Chan, S.H., Opitz, L., Higgins, L., O'loane, D., Xu, S.-Y., (2010) PLoS ONE, vol. 5.</reference>
        <reference>Higgins, L., Morgan, R.D., Kong, H., Unpublished observations.</reference>
        <reference>Kleanthous, H., Garawi, A.A., Miller, C., Tomb, J.F., Oomen, R.P., Japanese Patent Office, 2001.</reference>
        <reference>Kong, H., Sears, L., Unpublished observations.</reference>
        <reference>Lin, L.-F., Kong, H., Unpublished observations.</reference>
        <reference>Tomb, J.-F. et al., (1997) Nature, vol. 388, pp. 539-547.</reference>
        <reference>Xu, S.-Y., Unpublished observations.</reference>
      </references>
    </enzyme>
    <enzyme>
      <name>LguI</name>
      <recognitionSequence>GCTCTTC(1/4)</recognitionSequence>
      <isPrototype>false</isPrototype>
      <methylationSite />
      <microorganism>Lysobacter gummosus RFL1</microorganism>
      <source>Fermentas G307</source>
      <commercialAvailability>F</commercialAvailability>
      <references>
        <reference>Vitkute, J., Lapcinskaja, S., Maneliene, Z., Capskaja, L., Trinkunaite, L., Janulaitis, A., Unpublished observations.</reference>
      </references>
    </enzyme>
    <enzyme>
      <name>Lsp1109I</name>
      <recognitionSequence>GCAGC(8/12)</recognitionSequence>
      <isPrototype>false</isPrototype>
      <methylationSite>?(5)</methylationSite>
      <microorganism>Listeria species RFL1109</microorganism>
      <source>A. Janulaitis</source>
      <commercialAvailability>F</commercialAvailability>
      <references>
        <reference>Jakubauskas, A., Kriukiene, E., Trinkunaite, L., Sapranauskas, R., Jurenaite-Urbanaviciene, S., Lubys, A., (2009) Plasmid, vol. 61, pp. 52-64.</reference>
        <reference>Janulaitis, A., Grigaite, R., Trinkunaite, L., Maneliene, Z., Bitinaite, J., Kiuduliene, L., Butkus, V., Unpublished observations.</reference>
        <reference>Lubys, A., Janulaitis, A., Unpublished observations.</reference>
        <reference>Zakareviciene, L., Lubys, A., Unpublished observations.</reference>
      </references>
    </enzyme>
    <enzyme>
      <name>LweI</name>
      <recognitionSequence>GCATC(5/9)</recognitionSequence>
      <isPrototype>false</isPrototype>
      <methylationSite />
      <microorganism>Listeria welshimeri RFL 131</microorganism>
      <source>V. Butkus</source>
      <commercialAvailability>F</commercialAvailability>
      <references>
        <reference>Vitkute, J., Zutautiene, D., Maneliene, Z., Kiuduliene, L., Butkus, V., Janulaitis, A., Unpublished observations.</reference>
      </references>
    </enzyme>
    <enzyme>
      <name>MboII</name>
      <recognitionSequence>GAAGA(8/7)</recognitionSequence>
      <isPrototype>true</isPrototype>
      <methylationSite>?(4),-2(4)</methylationSite>
      <microorganism>Moraxella bovis</microorganism>
      <source>ATCC 10900</source>
      <commercialAvailability>FIJKNOQRVX</commercialAvailability>
      <references>
        <reference>Brown, N.L., Hutchison, C.A. III, Smith, M., (1980) J. Mol. Biol., vol. 140, pp. 143-148.</reference>
        <reference>Chang, Z., Morgan, R., Unpublished observations.</reference>
        <reference>Endow, S.A., (1977) J. Mol. Biol., vol. 114, pp. 441-449.</reference>
        <reference>Furmanek-Blaszk, B., Boratynski, R., Zolcinska, N., Sektas, M., (2009) Microbiology, vol. 155, pp. 1111-1121.</reference>
        <reference>Gelinas, R.E., Myers, P.A., Roberts, R.J., (1977) J. Mol. Biol., vol. 114, pp. 169-179.</reference>
        <reference>McClelland, M., Nelson, M., Cantor, C.R., (1985) Nucleic Acids Res., vol. 13, pp. 7171-7182.</reference>
      </references>
    </enzyme>
    <enzyme>
      <name>MlyI</name>
      <recognitionSequence>GAGTC(5/5)</recognitionSequence>
      <isPrototype>false</isPrototype>
      <methylationSite>2(6)</methylationSite>
      <microorganism>Micrococcus lylae</microorganism>
      <source>NBL 2048</source>
      <commercialAvailability>N</commercialAvailability>
      <references>
        <reference>Eastlake, P., Unpublished observations.</reference>
        <reference>Kong, H., Unpublished observations.</reference>
        <reference>Kong, H., Higgins, L.S., US Patent Office, 2002.</reference>
        <reference>Stickel, S.K., Roberts, R.J., Unpublished observations.</reference>
      </references>
    </enzyme>
    <enzyme>
      <name>MmeI</name>
      <recognitionSequence>TCCRAC(20/18)</recognitionSequence>
      <isPrototype>true</isPrototype>
      <methylationSite>5(6)</methylationSite>
      <microorganism>Methylophilus methylotrophus</microorganism>
      <source>W.J. Brammar</source>
      <commercialAvailability>N</commercialAvailability>
      <references>
        <reference>Boyd, A.C., Charles, I.G., Keyte, J.W., Brammar, W.J., (1986) Nucleic Acids Res., vol. 14, pp. 5255-5274.</reference>
        <reference>Morgan, R.D., Unpublished observations.</reference>
        <reference>Tucholski, J., Zmijewski, J.W., Podhajska, A.J., (1998) Gene, vol. 223, pp. 293-302.</reference>
        <reference>Usuda, Y., Nishio, Y., Matsui, K., Sugimoto, S., Koseki, K., US Patent Office, 2008.</reference>
      </references>
    </enzyme>
    <enzyme>
      <name>MnlI</name>
      <recognitionSequence>CCTC(7/6)</recognitionSequence>
      <isPrototype>true</isPrototype>
      <methylationSite>-2(6)</methylationSite>
      <microorganism>Moraxella nonliquefaciens</microorganism>
      <source>ATCC 17953</source>
      <commercialAvailability>FINQVX</commercialAvailability>
      <references>
        <reference>Brinkley, P., Bautista, D.S., Graham, F.L., (1991) Gene, vol. 100, pp. 267-268.</reference>
        <reference>Harasimowicz-Slowinska, R.I., Skowron, P.M., Unpublished observations.</reference>
        <reference>Kriukiene, E., Lubiene, J., Lagunavicius, A., Lubys, A., (2005) Biochim. Biophys. Acta, vol. 1751, pp. 194-204.</reference>
        <reference>Schildkraut, I., Unpublished observations.</reference>
        <reference>Zabeau, M., Greene, R., Myers, P.A., Roberts, R.J., Unpublished observations.</reference>
      </references>
    </enzyme>
    <enzyme>
      <name>Mva1269I</name>
      <recognitionSequence>GAATGC(1/-1)</recognitionSequence>
      <isPrototype>false</isPrototype>
      <methylationSite />
      <microorganism>Micrococcus varians RFL1269</microorganism>
      <source>A. Janulaitis</source>
      <commercialAvailability>F</commercialAvailability>
      <references>
        <reference>Armalyte, E., Bujnicki, J.M., Giedriene, J., Gasiunas, G., Kosinski, J., Lubys, A., (2005) J. Biol. Chem., vol. 280, pp. 41584-41594.</reference>
        <reference>Dauksaite, V., Janulaitis, A., Unpublished observations.</reference>
        <reference>Janulaitis, A., Dauksaite, V., Maneliene, Z., Kiuduliene, L., Bitinaite, J., Butkus, V., Unpublished observations.</reference>
      </references>
    </enzyme>
    <enzyme>
      <name>NmeAIII</name>
      <recognitionSequence>GCCGAG(21/19)</recognitionSequence>
      <isPrototype>true</isPrototype>
      <methylationSite>?(6)</methylationSite>
      <microorganism>Neisseria meningitidis Z2491</microorganism>
      <source>M. Achtman</source>
      <commercialAvailability>N</commercialAvailability>
      <references>
        <reference>Morgan, R.D., International Patent Office, 2008.</reference>
        <reference>Morgan, R.D., Dwinell, E.A., Bhatia, T.K., Lang, E.M., Luyten, Y.A., (2009) Nucleic Acids Res., vol. 37, pp. 5208-5221.</reference>
        <reference>Usuda, Y., Nishio, Y., Matsui, K., Sugimoto, S., Koseki, K., US Patent Office, 2008.</reference>
      </references>
    </enzyme>
    <enzyme>
      <name>PciSI</name>
      <recognitionSequence>GCTCTTC(1/4)</recognitionSequence>
      <isPrototype>false</isPrototype>
      <methylationSite />
      <microorganism>Planococcus citreus S</microorganism>
      <source>S.K. Degtyarev</source>
      <commercialAvailability>I</commercialAvailability>
      <references>
        <reference>Chernukhin, V.A., Kileva, E.V., Tomilova, J.E., Dedkov, V.S., Degtyarev, S.K., Unpublished observations.</reference>
      </references>
    </enzyme>
    <enzyme>
      <name>PctI</name>
      <recognitionSequence>GAATGC(1/-1)</recognitionSequence>
      <isPrototype>false</isPrototype>
      <methylationSite />
      <microorganism>Planococcus citreus SM</microorganism>
      <source>S.K. Degtyarev</source>
      <commercialAvailability>IV</commercialAvailability>
      <references>
        <reference>Dedkov, V.S., Nayakshina, T.N., Popichenko, D.V., Degtyarev, S.K., Unpublished observations.</reference>
      </references>
    </enzyme>
    <enzyme>
      <name>PfeI</name>
      <recognitionSequence>G^AWTC</recognitionSequence>
      <isPrototype>false</isPrototype>
      <methylationSite />
      <microorganism>Psychrobacter faecalis RFL1</microorganism>
      <source>A. Janulaitis</source>
      <commercialAvailability>F</commercialAvailability>
      <references>
        <reference>Maneliene, Z., Zakareviciene, L., Unpublished observations.</reference>
        <reference>Markauskiene, J., Capskaja, L., Kiuduliene, L., Petrusyte, M., Markauskas, A., Butkus, V., Janulaitis, A., Unpublished observations.</reference>
      </references>
    </enzyme>
    <enzyme>
      <name>PpsI</name>
      <recognitionSequence>GAGTC(4/5)</recognitionSequence>
      <isPrototype>false</isPrototype>
      <methylationSite />
      <microorganism>Pseudomonas pseudoalcaligenes PL</microorganism>
      <source>S.K. Degtyarev</source>
      <commercialAvailability>I</commercialAvailability>
      <references>
        <reference>Dedkov, V.S., Bondar, T.S., Shevchenko, A.V., Abdurashitov, M.A., Degtyarev, S.K., Unpublished observations.</reference>
      </references>
    </enzyme>
    <enzyme>
      <name>PsrI</name>
      <recognitionSequence>(7/12)GAACNNNNNNTAC(12/7)</recognitionSequence>
      <isPrototype>true</isPrototype>
      <methylationSite />
      <microorganism>Pseudomonas stutzeri N2</microorganism>
      <source>S.K. Degtyarev</source>
      <commercialAvailability>I</commercialAvailability>
      <references>
        <reference>Dedkov, V.S., Kileva, E.V., Abdurashitov, M.A., Gonchar, D.A., Popichenko, D.V., Degtyarev, S.K., Unpublished observations.</reference>
      </references>
    </enzyme>
    <enzyme>
      <name>SapI</name>
      <recognitionSequence>GCTCTTC(1/4)</recognitionSequence>
      <isPrototype>true</isPrototype>
      <methylationSite />
      <microorganism>Saccharopolyspora species</microorganism>
      <source>NEB 597</source>
      <commercialAvailability>N</commercialAvailability>
      <references>
        <reference>Beck, R., Burtscher, H., (1994) Nucleic Acids Res., vol. 22, pp. 886-887.</reference>
        <reference>Morgan, R.D., Unpublished observations.</reference>
        <reference>Samuelson, J., Unpublished observations.</reference>
        <reference>Xu, S.-Y., Xiao, J.-P., Ettwiller, L., Holden, M., Aliotta, J., Poh, C.L., Dalton, M., Robinson, D.P., Petronzio, T.R., Moran, L., Ganatra, M., Ware, J., Slatko, B., Benner, J., (1998) Mol. Gen. Genet., vol. 260, pp. 226-231.</reference>
        <reference>Xu, S.-Y., Xiao, J.-P., Poh, C.L., Maunus, R.E., Unpublished observations.</reference>
      </references>
    </enzyme>
    <enzyme>
      <name>SchI</name>
      <recognitionSequence>GAGTC(5/5)</recognitionSequence>
      <isPrototype>false</isPrototype>
      <methylationSite />
      <microorganism>Staphylococcus cohnii Lki 19-320</microorganism>
      <source>V. Butkus</source>
      <commercialAvailability>F</commercialAvailability>
      <references>
        <reference>Maneliene, Z., Butkus, V., Unpublished observations.</reference>
        <reference>Vitkute, J., Mociskyte, S., Trinkunaite, L., Kiuduliene, E., Petrusyte, M., Butkus, V., Janulaitis, A., Unpublished observations.</reference>
      </references>
    </enzyme>
    <enzyme>
      <name>SfaNI</name>
      <recognitionSequence>GCATC(5/9)</recognitionSequence>
      <isPrototype>true</isPrototype>
      <methylationSite />
      <microorganism>Streptococcus faecalis ND547</microorganism>
      <source>ATCC 49761</source>
      <commercialAvailability>INV</commercialAvailability>
      <references>
        <reference>Samuelson, J., Wilson, G.G., Xu, S.-Y., Unpublished observations.</reference>
        <reference>Schildkraut, I., Greenough, L., Unpublished observations.</reference>
        <reference>Sciaky, D., Roberts, R.J., Unpublished observations.</reference>
        <reference>Tomilova, Y.E., Abdurashitov, M.A., Golikova, L.N., Netesova, N.A., Degtyarev, S.K., (2004) Mol. Biol. (Mosk), vol. 38, pp. 850-856.</reference>
      </references>
    </enzyme>
    <enzyme>
      <name>TaqII</name>
      <recognitionSequence>GACCGA(11/9)</recognitionSequence>
      <isPrototype>true</isPrototype>
      <methylationSite>?(6)</methylationSite>
      <microorganism>Thermus aquaticus YTI</microorganism>
      <source>J.I. Harris</source>
      <commercialAvailability>QX</commercialAvailability>
      <references>
        <reference>Barker, D., Hoff, M., Oliphant, A., White, R., (1984) Nucleic Acids Res., vol. 12, pp. 5567-5581.</reference>
        <reference>Zylicz-Stachula, A., Zolnierkiewicz, O., Sliwinska, K., Jezewska-Frackowiak, J., Skowron, P.M., (2011) BMC Biochem., vol. 12, pp. 62.</reference>
      </references>
    </enzyme>
    <enzyme>
      <name>TspDTI</name>
      <recognitionSequence>ATGAA(11/9)</recognitionSequence>
      <isPrototype>true</isPrototype>
      <methylationSite />
      <microorganism>Thermus species DT</microorganism>
      <source>P.M. Skowron</source>
      <commercialAvailability>QX</commercialAvailability>
      <references>
        <reference>Skowron, P.M., Majewski, J., Zylicz-Stachula, A., Rutkowska, S.M., Jaworowska, I., Harasimowicz-Slowinska, R.I., (2003) Nucleic Acids Res., vol. 31.</reference>
        <reference>Skowron, P.M., Zylicz-Stachula, A., Unpublished observations.</reference>
      </references>
    </enzyme>
    <enzyme>
      <name>TspGWI</name>
      <recognitionSequence>ACGGA(11/9)</recognitionSequence>
      <isPrototype>true</isPrototype>
      <methylationSite>?(6)</methylationSite>
      <microorganism>Thermus species GW</microorganism>
      <source>EURx 202</source>
      <commercialAvailability>QX</commercialAvailability>
      <references>
        <reference>Zylicz-Stachula, A., Harasimowicz-Slowinska, R.I., Sobolewski, I., Skowron, P.M., (2002) Nucleic Acids Res., vol. 30.</reference>
      </references>
    </enzyme>
  </enzymes>
</XMLSerialisableRootElement>