<DefaultAlignmentDocument>
  <date>1580312129240</date>
  <alphabet>NUCLEOTIDE</alphabet>
  <name>Nucleotide alignment</name>
  <alignment_score>39.5</alignment_score>
  <sequences>
    <sequence charSequenceRevision="0" annotationsRevision="0">
      <gappedSequence cachedCountGC="2" cachedCountAT="8" charSequenceValidated="true" validatedCharSequenceGapCount="6537632" type="DefaultNucleotideSequence">
        <fields>
          <molType>DNA</molType>
        </fields>
        <created type="date">1580312102097</created>
        <storedFields>
          <standardField code="molType" />
        </storedFields>
        <name>CpxR</name>
        <description>A new nucleotide sequence entered manually</description>
        <charSequence gapPrefixLength="4852463" gapSuffixLength="1685169">GTAAANNNNNNGTAAA</charSequence>
      </gappedSequence>
      <URN class="urn">urn:local:.:c-bhyxpeq</URN>
      <referencedDocumentRevisionNumberThatStoredSequenceIsCopiedFrom>0</referencedDocumentRevisionNumberThatStoredSequenceIsCopiedFrom>
    </sequence>
    <sequence charSequenceRevision="0" annotationsRevision="4">
      <gappedSequence charSequenceOldestVersion="6.0" charSequenceChangedVersion="7.1" charSequenceExtendedVersion="8.1" cachedCountGC="4333951" cachedCountAT="2203686" annotationsRevision="12359" charSequenceValidated="true" type="DefaultNucleotideSequence">
        <fields>
          <strain>UCBPP-PA14</strain>
          <db_xref>taxon:208963</db_xref>
          <organism>Pseudomonas aeruginosa UCBPP-PA14</organism>
          <topology>circular</topology>
          <geneticCode>Bacterial</geneticCode>
          <taxonomy>Bacteria; Proteobacteria; Gammaproteobacteria; Pseudomonadales; Pseudomonadaceae; Pseudomonas</taxonomy>
          <accession>NC_008463.1</accession>
          <modified_date type="date">1575459227666</modified_date>
          <molType>DNA</molType>
        </fields>
        <created type="date">1495144800000</created>
        <storedFields>
          <standardField code="organism" />
          <standardField code="molType" />
          <standardField code="taxonomy" />
          <standardField code="geneticCode" />
          <standardField code="modified_date" />
          <standardField code="accession" />
          <standardField code="topology" />
          <field class="com.biomatters.geneious.publicapi.documents.DocumentField">
            <DocumentField>
              <name>strain</name>
              <description>strain from which sequence was obtained</description>
              <code>strain</code>
              <type>java.lang.String</type>
              <isEditable>true</isEditable>
            </DocumentField>
          </field>
          <field class="com.biomatters.geneious.publicapi.documents.DocumentField">
            <DocumentField>
              <name>db_xref</name>
              <description>database cross-reference: pointer to related information in  another database.</description>
              <code>db_xref</code>
              <type>java.lang.String</type>
              <isEditable>true</isEditable>
            </DocumentField>
          </field>
        </storedFields>
        <name>NC_008463</name>
        <description>Pseudomonas aeruginosa UCBPP-PA14, complete genome</description>
        <sequenceAnnotations xmlFileData="urn.local...l-bhyxrm5.1" fileSize="1473499" />
        <sequenceGapInformation nonGapBeginIndex="0" trailingGapsBeginIndex="6537648" gappedSequenceLength="6537648" ungappedSequenceLength="6537648" hashBits="3" />
        <charSequence xmlFileData="urn.local...l-bhyxrm5.2" fileSize="2463600" length="6537648" />
      </gappedSequence>
      <URN class="urn">urn:local:.:b-bf42ybr</URN>
      <referencedDocumentRevisionNumberThatStoredSequenceIsCopiedFrom>14</referencedDocumentRevisionNumberThatStoredSequenceIsCopiedFrom>
    </sequence>
  </sequences>
  <pairedReads numberOfSequences="2" numberOfSequencesWithMates="0" />
</DefaultAlignmentDocument>