<XMLSerialisableRootElement charSequenceOldestVersion="6.0" charSequenceChangedVersion="7.1" charSequenceExtendedVersion="8.1" cachedCountGC="4333951" cachedCountAT="2203686" annotationsRevision="4" charSequenceValidated="true">
  <fields>
    <strain>UCBPP-PA14</strain>
    <db_xref>taxon:208963</db_xref>
    <organism>Pseudomonas aeruginosa UCBPP-PA14</organism>
    <hasBeenModified type="boolean">true</hasBeenModified>
    <isCircular>true</isCircular>
    <topology>circular</topology>
    <geneticCode>Bacterial</geneticCode>
    <accession>NC_008463.1</accession>
    <taxonomy>Bacteria; Proteobacteria; Gammaproteobacteria; Pseudomonadales; Pseudomonadaceae; Pseudomonas</taxonomy>
    <modified_date type="date">1495144800000</modified_date>
    <molType>DNA</molType>
  </fields>
  <urn type="urn">urn:sequence:genbank:NC_008463.1</urn>
  <created type="date">1495144800000</created>
  <storedFields>
    <standardField code="modified_date" />
    <standardField code="accession" />
    <standardField code="molType" />
    <standardField code="organism" />
    <standardField code="taxonomy" />
    <standardField code="topology" />
    <standardField code="geneticCode" />
    <field class="com.biomatters.geneious.publicapi.documents.DocumentField">
      <DocumentField>
        <name>strain</name>
        <description>strain from which sequence was obtained</description>
        <code>strain</code>
        <type>java.lang.String</type>
        <isEditable>true</isEditable>
      </DocumentField>
    </field>
    <field class="com.biomatters.geneious.publicapi.documents.DocumentField">
      <DocumentField>
        <name>db_xref</name>
        <description>database cross-reference: pointer to related information in  another database.</description>
        <code>db_xref</code>
        <type>java.lang.String</type>
        <isEditable>true</isEditable>
      </DocumentField>
    </field>
  </storedFields>
  <name>NC_008463</name>
  <description>Pseudomonas aeruginosa UCBPP-PA14, complete genome</description>
  <sequenceAnnotations xmlFileData="urn.local...k-bixwsxq.1" fileSize="1473499" />
  <charSequence xmlFileData="urn.local...k-bixwsxq.2" fileSize="2463600" length="6537648" />
  <INSD_originalElements>
    <INSDSeq_length>6537648</INSDSeq_length>
    <INSDSeq_locus>NC_008463</INSDSeq_locus>
    <INSDSeq_division>CON</INSDSeq_division>
    <INSDSeq_other-seqids />
    <INSDSeq_xrefs>
      <INSDXref>
        <INSDXref_dbname>BioProject</INSDXref_dbname>
        <INSDXref_id>PRJNA224116</INSDXref_id>
      </INSDXref>
      <INSDXref>
        <INSDXref_dbname>BioSample</INSDXref_dbname>
        <INSDXref_id>SAMN02603591</INSDXref_id>
      </INSDXref>
      <INSDXref>
        <INSDXref_dbname>Assembly</INSDXref_dbname>
        <INSDXref_id>GCF_000014625.1</INSDXref_id>
      </INSDXref>
    </INSDSeq_xrefs>
    <INSDSeq_keywords>
      <INSDSeq_keyword>RefSeq</INSDSeq_keyword>
    </INSDSeq_keywords>
    <INSDSeq_source>Pseudomonas aeruginosa UCBPP-PA14</INSDSeq_source>
    <INSDSeq_references>
      <INSDReference>
        <INSDReference_reference>1</INSDReference_reference>
        <INSDReference_position>1..6537648</INSDReference_position>
        <INSDReference_authors>
          <INSDAuthor>Lee,D.G.</INSDAuthor>
          <INSDAuthor>Urbach,J.M.</INSDAuthor>
          <INSDAuthor>Wu,G.</INSDAuthor>
          <INSDAuthor>Liberati,N.T.</INSDAuthor>
          <INSDAuthor>Feinbaum,R.L.</INSDAuthor>
          <INSDAuthor>Miyata,S.</INSDAuthor>
          <INSDAuthor>Diggins,L.T.</INSDAuthor>
          <INSDAuthor>He,J.</INSDAuthor>
          <INSDAuthor>Saucier,M.</INSDAuthor>
          <INSDAuthor>Deziel,E.</INSDAuthor>
          <INSDAuthor>Friedman,L.</INSDAuthor>
          <INSDAuthor>Li,L.</INSDAuthor>
          <INSDAuthor>Grills,G.</INSDAuthor>
          <INSDAuthor>Montgomery,K.</INSDAuthor>
          <INSDAuthor>Kucherlapati,R.</INSDAuthor>
          <INSDAuthor>Rahme,L.G.</INSDAuthor>
          <INSDAuthor>Ausubel,F.M.</INSDAuthor>
        </INSDReference_authors>
        <INSDReference_title>Genomic analysis reveals that Pseudomonas aeruginosa virulence is combinatorial</INSDReference_title>
        <INSDReference_journal>Genome Biol. 7 (10), R90 (2006)</INSDReference_journal>
        <INSDReference_pubmed>17038190</INSDReference_pubmed>
      </INSDReference>
      <INSDReference>
        <INSDReference_reference>2</INSDReference_reference>
        <INSDReference_position>1..6537648</INSDReference_position>
        <INSDReference_authors>
          <INSDAuthor>Lee,D.G.</INSDAuthor>
          <INSDAuthor>Urbach,J.M.</INSDAuthor>
          <INSDAuthor>Wu,G.</INSDAuthor>
          <INSDAuthor>Liberati,N.T.</INSDAuthor>
          <INSDAuthor>Feinbaum,R.</INSDAuthor>
          <INSDAuthor>Miyata,S.</INSDAuthor>
          <INSDAuthor>Diggins,L.T.</INSDAuthor>
          <INSDAuthor>He,J.</INSDAuthor>
          <INSDAuthor>Saucier,M.</INSDAuthor>
          <INSDAuthor>Deziel,E.</INSDAuthor>
          <INSDAuthor>Friedman,L.</INSDAuthor>
          <INSDAuthor>Li,L.</INSDAuthor>
          <INSDAuthor>Grills,G.</INSDAuthor>
          <INSDAuthor>Montgomery,K.</INSDAuthor>
          <INSDAuthor>Kucherlapati,R.</INSDAuthor>
          <INSDAuthor>Rahme,L.G.</INSDAuthor>
          <INSDAuthor>Ausubel,F.M.</INSDAuthor>
        </INSDReference_authors>
        <INSDReference_title>Direct Submission</INSDReference_title>
        <INSDReference_journal>Submitted (18-AUG-2006) Department of Molecular Biology, Massachusetts General Hospital, Richard B. Simches Research Center, 185 Cambridge Street, 7th Floor, Boston, MA 02114, USA</INSDReference_journal>
      </INSDReference>
    </INSDSeq_references>
    <INSDSeq_comment>REFSEQ INFORMATION: The reference sequence was derived from CP000438.                                                           Source DNA and bacteria available from Fred Ausubel at              ausubel@molbio.mgh.harvard.edu.                                     Annotation was added by the NCBI Prokaryotic Genome Annotation      Pipeline (released 2013). Information about the Pipeline can be     found here: https://www.ncbi.nlm.nih.gov/genome/annotation_prok/                                                                        ##Genome-Annotation-Data-START##                                    Annotation Provider               :: NCBI                           Annotation Date                   :: 05/15/2017 13:33:31            Annotation Pipeline               :: NCBI Prokaryotic Genome                                             Annotation Pipeline            Annotation Method                 :: Best-placed reference protein                                       set; GeneMarkS+                Annotation Software revision      :: 4.2                            Features Annotated                :: Gene; CDS; rRNA; tRNA; ncRNA;                                       repeat_region                  Genes (total)                     :: 6,177                          CDS (total)                       :: 6,098                          Genes (coding)                    :: 6,021                          CDS (coding)                      :: 6,021                          Genes (RNA)                       :: 79                             rRNAs                             :: 4, 4, 4 (5S, 16S, 23S)         complete rRNAs                    :: 4, 4, 4 (5S, 16S, 23S)         tRNAs                             :: 62                             ncRNAs                            :: 5                              Pseudo Genes (total)              :: 77                             Pseudo Genes (ambiguous residues) :: 0 of 77                        Pseudo Genes (frameshifted)       :: 53 of 77                       Pseudo Genes (incomplete)         :: 29 of 77                       Pseudo Genes (internal stop)      :: 7 of 77                        Pseudo Genes (multiple problems)  :: 11 of 77                       CRISPR Arrays                     :: 2                              ##Genome-Annotation-Data-END##                                      COMPLETENESS: full length.</INSDSeq_comment>
  </INSD_originalElements>
</XMLSerialisableRootElement>