<XMLSerialisableRootElement>
  <created type="date">1369372540981</created>
  <name>BioBrick</name>
  <enzymes>
    <enzyme>
      <name>AgeI</name>
      <recognitionSequence>A^CCGGT</recognitionSequence>
      <isPrototype>true</isPrototype>
      <methylationSite>?(5)</methylationSite>
      <microorganism>Agrobacterium gelatinovorum</microorganism>
      <source>IAM 12617</source>
      <commercialAvailability>JNR</commercialAvailability>
      <references>
        <reference>Suzuki, T., Sugimoto, E., Tahara, Y., Yamada, Y., (1996) Biosci. Biotechnol. Biochem., vol. 60, pp. 444-447.</reference>
        <reference>Xu, S.-Y., Maunus, R.E., Lunnen, K.D., Allen, R., US Patent Office, 1999.</reference>
        <reference>Yamada, Y., Mizuno, H., Sato, H., Akagawa, M., Yamasato, K., (1989) Agric. Biol. Chem., vol. 53, pp. 1747-1749.</reference>
      </references>
    </enzyme>
    <enzyme>
      <name>AviII</name>
      <recognitionSequence>TGC^GCA</recognitionSequence>
      <isPrototype>false</isPrototype>
      <methylationSite />
      <microorganism>Anabaena variabilis (halle)</microorganism>
      <source>CCAP 1403/12</source>
      <commercialAvailability>M</commercialAvailability>
      <references>
        <reference>de Waard, A., Unpublished observations.</reference>
      </references>
    </enzyme>
    <enzyme>
      <name>BamHI</name>
      <recognitionSequence>G^GATCC</recognitionSequence>
      <isPrototype>true</isPrototype>
      <methylationSite>5(4)</methylationSite>
      <microorganism>Bacillus amyloliquefaciens H</microorganism>
      <source>ATCC 49763</source>
      <commercialAvailability>BCFIJKMNOQRSUVXY</commercialAvailability>
      <references>
        <reference>Brooks, J.E., Nathan, P.D., Landry, D., Sznyter, L.A., Waite-Rees, P., Ives, C.L., Moran, L.S., Slatko, B.E., Benner, J.S., (1991) Nucleic Acids Res., vol. 19, pp. 841-850.</reference>
        <reference>Endo, M., Majima, T., Japanese Patent Office, 2003.</reference>
        <reference>Hattman, S., Keister, T., Gottehrer, A., (1978) J. Mol. Biol., vol. 124, pp. 701-711.</reference>
        <reference>Majima, T., Endo, M., Japanese Patent Office, 2006.</reference>
        <reference>Roberts, R.J., Wilson, G.A., Young, F.E., (1977) Nature, vol. 265, pp. 82-84.</reference>
        <reference>Usami, S., Kurimura, H., Kino, K., Kamigaki, K., Kirimura, K., Japanese Patent Office, 2003.</reference>
        <reference>Wilson, G.A., Young, F.E., (1975) J. Mol. Biol., vol. 97, pp. 123-125.</reference>
      </references>
    </enzyme>
    <enzyme>
      <name>BglII</name>
      <recognitionSequence>A^GATCT</recognitionSequence>
      <isPrototype>true</isPrototype>
      <methylationSite>5(4)</methylationSite>
      <microorganism>Bacillus globigii</microorganism>
      <source>ATCC 49760</source>
      <commercialAvailability>BCFIJKMNOQRSUXY</commercialAvailability>
      <references>
        <reference>Anton, B.P., Brooks, J.E., Unpublished observations.</reference>
        <reference>Anton, B.P., Heiter, D.F., Benner, J.S., Hess, E.J., Greenough, L., Moran, L.S., Slatko, B.E., Brooks, J.E., (1997) Gene, vol. 187, pp. 19-27.</reference>
        <reference>Duncan, C.H., Wilson, G.A., Young, F.E., (1978) J. Bacteriol., vol. 134, pp. 338-344.</reference>
        <reference>Pirrotta, V., (1976) Nucleic Acids Res., vol. 3, pp. 1747-1760.</reference>
        <reference>Stickel, S.K., Roberts, R.J., Unpublished observations.</reference>
      </references>
    </enzyme>
    <enzyme>
      <name>EcoRI</name>
      <recognitionSequence>G^AATTC</recognitionSequence>
      <isPrototype>true</isPrototype>
      <methylationSite>3(6)</methylationSite>
      <microorganism>Escherichia coli RY13</microorganism>
      <source>R.N. Yoshimori</source>
      <commercialAvailability>BCFIJKMNOQRSUVXY</commercialAvailability>
      <references>
        <reference>Albertsen, H.M., Le Paslier, D., Abderrahim, H., Dausset, J., Cann, H., Cohen, D., (1989) Nucleic Acids Res., vol. 17, pp. 808.</reference>
        <reference>Dugaiczyk, A., Hedgpeth, J., Boyer, H.W., Goodman, H.M., (1974) Biochemistry, vol. 13, pp. 503-512.</reference>
        <reference>Forrow, S., Lee, M., Souhami, R.L., Hartley, J.A., (1994) ACS Abstracts, vol. 208, pp. 97.</reference>
        <reference>Greene, P.J., Betlach, M.C., Boyer, H.W., Goodman, H.M., (1974) Methods Mol. Biol., vol. 7, pp. 87-105.</reference>
        <reference>Hedgpeth, J., Goodman, H.M., Boyer, H.W., (1972) Proc. Natl. Acad. Sci. U. S. A., vol. 69, pp. 3448-3452.</reference>
        <reference>Pingoud, A., Alves, J., Fliess, A., Geiger, R., Rueter, T., Wolfes, H., (1987) Biol. Chem. Hoppe Seyler, vol. 368, pp. 1093.</reference>
        <reference>Tanaka, M., Japanese Patent Office, 2002.</reference>
        <reference>Winkler, F.K., (1994) J. Mol. Recognit., vol. 6, pp. 9.</reference>
      </references>
    </enzyme>
    <enzyme>
      <name>NgoMIV</name>
      <recognitionSequence>G^CCGGC</recognitionSequence>
      <isPrototype>false</isPrototype>
      <methylationSite>2(5)</methylationSite>
      <microorganism>Neisseria gonorrhoeae MS11</microorganism>
      <source>M. So</source>
      <commercialAvailability>N</commercialAvailability>
      <references>
        <reference>Chien, H.R., (1991) Ph.D. Thesis, University of Maryland, USA, pp. 1-126.</reference>
        <reference>Chien, R.H., Stein, D.C., Seifert, H.S., Floyd, K., So, M., (1988) Abstr. Gen. Meet. Am. Soc. Microbiol., vol. 88, pp. 213.</reference>
        <reference>Gunn, J.S., Piekarowicz, A., Chien, R., Stein, D.C., (1992) J. Bacteriol., vol. 174, pp. 5654-5660.</reference>
        <reference>Stein, D.C., Chien, R., Seifert, S.H., (1992) J. Bacteriol., vol. 174, pp. 4899-4906.</reference>
        <reference>Stein, D.C., Gunn, J.S., Radlinska, M., Piekarowicz, A., (1995) Gene, vol. 157, pp. 19-22.</reference>
        <reference>Zhu, P., Morelli, G., Achtman, M., (1999) Mol. Microbiol., vol. 33, pp. 635-650.</reference>
      </references>
    </enzyme>
    <enzyme>
      <name>NheI</name>
      <recognitionSequence>G^CTAGC</recognitionSequence>
      <isPrototype>true</isPrototype>
      <methylationSite />
      <microorganism>Neisseria mucosa</microorganism>
      <source>ATCC 25999</source>
      <commercialAvailability>BCFJKMNOQRSUX</commercialAvailability>
      <references>
        <reference>Comb, D.G., Grandoni, R., Schildkraut, I., Unpublished observations.</reference>
        <reference>Xu, S.-Y., Xiao, J.-P., European Patent Office, 2001.</reference>
      </references>
    </enzyme>
    <enzyme>
      <name>NotI</name>
      <recognitionSequence>GC^GGCCGC</recognitionSequence>
      <isPrototype>true</isPrototype>
      <methylationSite>?(4)</methylationSite>
      <microorganism>Nocardia otitidis-caviarum</microorganism>
      <source>ATCC 14630</source>
      <commercialAvailability>BCFJKMNOQRSUXY</commercialAvailability>
      <references>
        <reference>Borsetti, R., Wise, D., Qiang, B.-Q., Schildkraut, I., Unpublished observations.</reference>
        <reference>Morgan, R.D., Benner, J.S., Claus, T.E., US Patent Office, 1994.</reference>
        <reference>Morgan, R.D., Roberts, R.J., International Patent Office, 2007.</reference>
        <reference>Qiang, B.-Q., Schildkraut, I., (1987) Methods Enzymol., vol. 155, pp. 15-21.</reference>
      </references>
    </enzyme>
    <enzyme>
      <name>PstI</name>
      <recognitionSequence>CTGCA^G</recognitionSequence>
      <isPrototype>true</isPrototype>
      <methylationSite>5(6)</methylationSite>
      <microorganism>Providencia stuartii 164</microorganism>
      <source>ATCC 49762</source>
      <commercialAvailability>BCFIJKMNOQRSUVXY</commercialAvailability>
      <references>
        <reference>Brown, N.L., Smith, M., (1976) FEBS Lett., vol. 65, pp. 284-287.</reference>
        <reference>Handique, A.K., (1994) Curr. Sci., vol. 66, pp. 103-104.</reference>
        <reference>Sagawa, H., Ohshima, A., Kato, I., (1995) Nucleic Acids Res., vol. 23, pp. 2367-2370.</reference>
        <reference>Smith, D.I., Blattner, F.R., Davies, J., (1976) Nucleic Acids Res., vol. 3, pp. 343-353.</reference>
        <reference>Treml, S., Draveling, C., Huang, C., Heaster, J., Walker, D., DiFrancesco, R., Jolly, J., (1994) Clin. Chem., vol. 40, pp. 1092.</reference>
        <reference>Walder, R.Y., (1984) Ph.D. Thesis (The University of Iowa, Department of Biology, none), pp. 1-228.</reference>
        <reference>Walder, R.Y., Walder, J.A., Donelson, J.E., (1984) J. Biol. Chem., vol. 259, pp. 8015-8026.</reference>
        <reference>Xia, Y., Van Etten, J.L., Dobos, P., Ling, Y.Y., Krell, P.J., (1993) Virology, vol. 196, pp. 817-824.</reference>
      </references>
    </enzyme>
    <enzyme>
      <name>PvuII</name>
      <recognitionSequence>CAG^CTG</recognitionSequence>
      <isPrototype>true</isPrototype>
      <methylationSite>4(4)</methylationSite>
      <microorganism>Proteus vulgaris</microorganism>
      <source>ATCC 13315</source>
      <commercialAvailability>BCFIJKMNOQRSUXY</commercialAvailability>
      <references>
        <reference>Butkus, V., Klimasauskas, S., Petrauskiene, L., Maneliene, Z., Lebionka, A., Janulaitis, A., (1987) Biochim. Biophys. Acta, vol. 909, pp. 201-207.</reference>
        <reference>Gingeras, T.R., Greenough, L., Schildkraut, I., Roberts, R.J., (1981) Nucleic Acids Res., vol. 9, pp. 4525-4536.</reference>
        <reference>Kuehne, C., Simoncsits, A., International Patent Office, 2004.</reference>
        <reference>Kyune, C., Shimonchitoshu, A., Japanese Patent Office, 2006.</reference>
        <reference>Rice, M.R., Calvin-Koons, M.D., Blumenthal, R.M., (1995) FASEB J., vol. 9.</reference>
        <reference>Tao, T., Walter, J., Brennan, K.J., Cotterman, M.M., Blumenthal, R.M., (1989) Nucleic Acids Res., vol. 17, pp. 4161-4175.</reference>
      </references>
    </enzyme>
    <enzyme>
      <name>SapI</name>
      <recognitionSequence>GCTCTTC(1/4)</recognitionSequence>
      <isPrototype>true</isPrototype>
      <methylationSite />
      <microorganism>Saccharopolyspora species</microorganism>
      <source>NEB 597</source>
      <commercialAvailability>N</commercialAvailability>
      <references>
        <reference>Beck, R., Burtscher, H., (1994) Nucleic Acids Res., vol. 22, pp. 886-887.</reference>
        <reference>Morgan, R.D., Unpublished observations.</reference>
        <reference>Samuelson, J., Unpublished observations.</reference>
        <reference>Xu, S.-Y., Xiao, J.-P., Ettwiller, L., Holden, M., Aliotta, J., Poh, C.L., Dalton, M., Robinson, D.P., Petronzio, T.R., Moran, L., Ganatra, M., Ware, J., Slatko, B., Benner, J., (1998) Mol. Gen. Genet., vol. 260, pp. 226-231.</reference>
        <reference>Xu, S.-Y., Xiao, J.-P., Poh, C.L., Maunus, R.E., Unpublished observations.</reference>
      </references>
    </enzyme>
    <enzyme>
      <name>SpeI</name>
      <recognitionSequence>A^CTAGT</recognitionSequence>
      <isPrototype>true</isPrototype>
      <methylationSite />
      <microorganism>Sphaerotilus natans</microorganism>
      <source>ATCC 13923</source>
      <commercialAvailability>BJKMNOQRSUX</commercialAvailability>
      <references>
        <reference>Chang, Z., Morgan, R., Unpublished observations.</reference>
        <reference>Comb, D.G., Grandoni, R., Unpublished observations.</reference>
        <reference>Morgan, R.D., Roberts, R.J., International Patent Office, 2007.</reference>
        <reference>Stewart, F., Morgan, R.D., Unpublished observations.</reference>
      </references>
    </enzyme>
    <enzyme>
      <name>XbaI</name>
      <recognitionSequence>T^CTAGA</recognitionSequence>
      <isPrototype>true</isPrototype>
      <methylationSite>6(6)</methylationSite>
      <microorganism>Xanthomonas badrii</microorganism>
      <source>ATCC 11672</source>
      <commercialAvailability>BCFIJKMNOQRSUVXY</commercialAvailability>
      <references>
        <reference>Patel, Y., Van Cott, E., Wilson, G.G., McClelland, M., (1990) Nucleic Acids Res., vol. 18, pp. 1603-1607.</reference>
        <reference>Zain, B.S., Roberts, R.J., (1977) J. Mol. Biol., vol. 115, pp. 249-255.</reference>
      </references>
    </enzyme>
    <enzyme>
      <name>XhoI</name>
      <recognitionSequence>C^TCGAG</recognitionSequence>
      <isPrototype>true</isPrototype>
      <methylationSite>5(6)</methylationSite>
      <microorganism>Xanthomonas holcicola</microorganism>
      <source>ATCC 13461</source>
      <commercialAvailability>BFJKMNOQRSUXY</commercialAvailability>
      <references>
        <reference>Anton, B.P., Benner, J.S., Moran, L.S., Morita, M., Sugino, Y., Brooks, J.E., Unpublished observations.</reference>
        <reference>Gingeras, T.R., Myers, P.A., Olson, J.A., Hanberg, F.A., Roberts, R.J., (1978) J. Mol. Biol., vol. 118, pp. 113-122.</reference>
        <reference>Morita, M., Sugino, Y., Unpublished observations.</reference>
        <reference>Stickel, S.K., Roberts, R.J., Unpublished observations.</reference>
      </references>
    </enzyme>
  </enzymes>
</XMLSerialisableRootElement>